"","Player","From","To","plyrprofs"
"1","Alaa Abdelnaby",1991,1995,"/players/a/abdelal01.html"
"2","Zaid Abdul-Aziz",1969,1978,"/players/a/abdulza01.html"
"3","Kareem Abdul-Jabbar*",1970,1989,"/players/a/abdulka01.html"
"4","Mahmoud Abdul-Rauf",1991,2001,"/players/a/abdulma02.html"
"5","Tariq Abdul-Wahad",1998,2003,"/players/a/abdulta01.html"
"6","Shareef Abdur-Rahim",1997,2008,"/players/a/abdursh01.html"
"7","Tom Abernethy",1977,1981,"/players/a/abernto01.html"
"8","Forest Able",1957,1957,"/players/a/ablefo01.html"
"9","John Abramovic",1947,1948,"/players/a/abramjo01.html"
"10","Álex Abrines",2017,2019,"/players/a/abrinal01.html"
"11","Alex Acker",2006,2009,"/players/a/ackeral01.html"
"12","Don Ackerman",1954,1954,"/players/a/ackerdo01.html"
"13","Mark Acres",1988,1993,"/players/a/acresma01.html"
"14","Bud Acton",1968,1968,"/players/a/actonbu01.html"
"15","Quincy Acy",2013,2019,"/players/a/acyqu01.html"
"16","Alvan Adams",1976,1988,"/players/a/adamsal01.html"
"17","Don Adams",1971,1977,"/players/a/adamsdo01.html"
"18","George Adams",1973,1975,"/players/a/adamsge01.html"
"19","Hassan Adams",2007,2009,"/players/a/adamsha01.html"
"20","Jaylen Adams",2019,2019,"/players/a/adamsja01.html"
"21","Jordan Adams",2015,2016,"/players/a/adamsjo01.html"
"22","Michael Adams",1986,1996,"/players/a/adamsmi01.html"
"23","Steven Adams",2014,2020,"/players/a/adamsst01.html"
"24","Rafael Addison",1987,1997,"/players/a/addisra01.html"
"25","Bam Adebayo",2018,2020,"/players/a/adebaba01.html"
"26","Deng Adel",2019,2019,"/players/a/adelde01.html"
"27","Rick Adelman",1969,1975,"/players/a/adelmri01.html"
"28","Jeff Adrien",2011,2015,"/players/a/adrieje01.html"
"29","Arron Afflalo",2008,2018,"/players/a/afflaar01.html"
"30","Maurice Ager",2007,2011,"/players/a/agerma01.html"
"31","Mark Aguirre",1982,1994,"/players/a/aguirma01.html"
"32","Blake Ahearn",2008,2012,"/players/a/ahearbl01.html"
"33","Danny Ainge",1982,1995,"/players/a/aingeda01.html"
"34","Matthew Aitch",1968,1968,"/players/a/aitchma01.html"
"35","Alexis Ajinça",2009,2017,"/players/a/ajincal01.html"
"36","Henry Akin",1967,1969,"/players/a/akinhe01.html"
"37","Josh Akognon",2013,2013,"/players/a/akognjo01.html"
"38","DeVaughn Akoon-Purcell",2019,2019,"/players/a/akoonde01.html"
"39","Solomon Alabi",2011,2012,"/players/a/alabiso01.html"
"40","Mark Alarie",1987,1991,"/players/a/alarima01.html"
"41","Gary Alcorn",1960,1961,"/players/a/alcorga01.html"
"42","Furkan Aldemir",2015,2015,"/players/a/aldemfu01.html"
"43","Cole Aldrich",2011,2018,"/players/a/aldrico01.html"
"44","LaMarcus Aldridge",2007,2020,"/players/a/aldrila01.html"
"45","Chuck Aleksinas",1985,1985,"/players/a/aleksch01.html"
"46","Cliff Alexander",2016,2016,"/players/a/alexacl01.html"
"47","Cory Alexander",1996,2005,"/players/a/alexaco01.html"
"48","Courtney Alexander",2001,2003,"/players/a/alexaco02.html"
"49","Gary Alexander",1994,1994,"/players/a/alexaga01.html"
"50","Joe Alexander",2009,2010,"/players/a/alexajo01.html"
"51","Victor Alexander",1992,2002,"/players/a/alexavi01.html"
"52","Nickeil Alexander-Walker",2020,2020,"/players/a/alexani01.html"
"53","Steve Alford",1988,1991,"/players/a/alforst01.html"
"54","Rawle Alkins",2019,2019,"/players/a/alkinra01.html"
"55","Bill Allen",1968,1968,"/players/a/allenbi01.html"
"56","Bob Allen",1969,1969,"/players/a/allenbo01.html"
"57","Grayson Allen",2019,2020,"/players/a/allengr01.html"
"58","Jarrett Allen",2018,2020,"/players/a/allenja01.html"
"59","Jerome Allen",1996,1997,"/players/a/allenje01.html"
"60","Kadeem Allen",2018,2020,"/players/a/allenka01.html"
"61","Lavoy Allen",2012,2017,"/players/a/allenla01.html"
"62","Lucius Allen",1970,1979,"/players/a/allenlu01.html"
"63","Malik Allen",2002,2011,"/players/a/allenma01.html"
"64","Randy Allen",1989,1990,"/players/a/allenra01.html"
"65","Ray Allen*",1997,2014,"/players/a/allenra02.html"
"66","Tony Allen",2005,2018,"/players/a/allento01.html"
"67","Willie Allen",1972,1972,"/players/a/allenwi01.html"
"68","Odis Allison",1972,1972,"/players/a/allisod01.html"
"69","Lance Allred",2008,2008,"/players/a/allrela01.html"
"70","Darrell Allums",1981,1981,"/players/a/allumda01.html"
"71","Morris Almond",2008,2012,"/players/a/almonmo01.html"
"72","Derrick Alston",1995,1997,"/players/a/alstode01.html"
"73","Rafer Alston",2000,2010,"/players/a/alstora01.html"
"74","Peter Aluma",1999,1999,"/players/a/alumape01.html"
"75","John Amaechi",1996,2003,"/players/a/amaecjo01.html"
"76","Ashraf Amaya",1996,1997,"/players/a/amayaas01.html"
"77","Al-Farouq Aminu",2011,2020,"/players/a/aminual01.html"
"78","Lou Amundson",2007,2016,"/players/a/amundlo01.html"
"79","Bob Anderegg",1960,1960,"/players/a/anderbo01.html"
"80","Chris Andersen",2002,2017,"/players/a/anderch01.html"
"81","David Andersen",2010,2011,"/players/a/anderda03.html"
"82","Alan Anderson",2006,2017,"/players/a/anderal01.html"
"83","Andrew Anderson",1968,1970,"/players/a/anderan01.html"
"84","Antonio Anderson",2010,2010,"/players/a/anderan02.html"
"85","Cliff Anderson",1968,1971,"/players/a/andercl01.html"
"86","Dan Anderson",1968,1969,"/players/a/anderda01.html"
"87","Dan Anderson",1975,1976,"/players/a/anderda02.html"
"88","Derek Anderson",1998,2008,"/players/a/anderde01.html"
"89","Dwight Anderson",1983,1983,"/players/a/anderdw01.html"
"90","Eric Anderson",1993,1994,"/players/a/anderer01.html"
"91","Greg Anderson",1988,1998,"/players/a/andergr01.html"
"92","J.J. Anderson",1983,1985,"/players/a/anderjj01.html"
"93","James Anderson",2011,2016,"/players/a/anderja01.html"
"94","Jerome Anderson",1976,1977,"/players/a/anderje01.html"
"95","Justin Anderson",2016,2020,"/players/a/anderju01.html"
"96","Kenny Anderson",1992,2005,"/players/a/anderke01.html"
"97","Kim Anderson",1979,1979,"/players/a/anderki01.html"
"98","Kyle Anderson",2015,2020,"/players/a/anderky01.html"
"99","Michael Anderson",1989,1989,"/players/a/andermi01.html"
"100","Nick Anderson",1990,2002,"/players/a/anderni01.html"
"101","Richard Anderson",1983,1990,"/players/a/anderri01.html"
"102","Ron Anderson",1985,1994,"/players/a/anderro01.html"
"103","Ryan Anderson",2009,2020,"/players/a/anderry01.html"
"104","Shandon Anderson",1997,2006,"/players/a/andersh01.html"
"105","Willie Anderson",1989,1997,"/players/a/anderwi01.html"
"106","Wally Anderzunas",1970,1970,"/players/a/anderwa01.html"
"107","Martynas Andriuškevicius",2006,2006,"/players/a/andrima01.html"
"108","Don Anielak",1955,1955,"/players/a/anieldo01.html"
"109","Ike Anigbogu",2018,2019,"/players/a/anigbik01.html"
"110","Michael Ansley",1990,1992,"/players/a/anslemi01.html"
"111","Chris Anstey",1998,2000,"/players/a/anstech01.html"
"112","Giannis Antetokounmpo",2014,2020,"/players/a/antetgi01.html"
"113","Kostas Antetokounmpo",2019,2020,"/players/a/antetko01.html"
"114","Thanasis Antetokounmpo",2016,2020,"/players/a/antetth01.html"
"115","Carmelo Anthony",2004,2020,"/players/a/anthoca01.html"
"116","Greg Anthony",1992,2002,"/players/a/anthogr01.html"
"117","Joel Anthony",2008,2017,"/players/a/anthojo01.html"
"118","Pero Antic",2014,2015,"/players/a/anticpe01.html"
"119","OG Anunoby",2018,2020,"/players/a/anunoog01.html"
"120","Keith Appling",2016,2016,"/players/a/applike01.html"
"121","Rafael Araújo",2005,2007,"/players/a/araujra01.html"
"122","Stacey Arceneaux",1962,1962,"/players/a/arcenst01.html"
"123","Robert Archibald",2003,2004,"/players/a/archiro01.html"
"124","Tiny Archibald*",1971,1984,"/players/a/architi01.html"
"125","Ryan Arcidiacono",2018,2020,"/players/a/arcidry01.html"
"126","Jim Ard",1971,1978,"/players/a/ardji01.html"
"127","Gilbert Arenas",2002,2012,"/players/a/arenagi01.html"
"128","Trevor Ariza",2005,2020,"/players/a/arizatr01.html"
"129","Paul Arizin*",1951,1962,"/players/a/arizipa01.html"
"130","Joe Arlauckas",1988,1988,"/players/a/arlaujo01.html"
"131","B.J. Armstrong",1990,2000,"/players/a/armstbj01.html"
"132","Bob Armstrong",1957,1957,"/players/a/armstbo01.html"
"133","Brandon Armstrong",2002,2004,"/players/a/armstbr01.html"
"134","Curly Armstrong",1949,1951,"/players/a/armstcu01.html"
"135","Darrell Armstrong",1995,2008,"/players/a/armstda01.html"
"136","Hilton Armstrong",2007,2014,"/players/a/armsthi01.html"
"137","Tate Armstrong",1978,1979,"/players/a/armstta01.html"
"138","Jesse Arnelle",1956,1956,"/players/a/arnelje01.html"
"139","Jay Arnette",1964,1966,"/players/a/arnetja01.html"
"140","Bob Arnzen",1970,1974,"/players/a/arnzebo01.html"
"141","Carlos Arroyo",2002,2011,"/players/a/arroyca01.html"
"142","Darrell Arthur",2009,2018,"/players/a/arthuda01.html"
"143","John Arthurs",1970,1970,"/players/a/arthujo01.html"
"144","Jamel Artis",2018,2018,"/players/a/artisja01.html"
"145","Ömer Asik",2011,2018,"/players/a/asikom01.html"
"146","Vincent Askew",1988,1998,"/players/a/askewvi01.html"
"147","Keith Askins",1991,1999,"/players/a/askinke01.html"
"148","Don Asmonga",1954,1954,"/players/a/asmondo01.html"
"149","Dick Atha",1956,1958,"/players/a/athadi01.html"
"150","Chucky Atkins",2000,2010,"/players/a/atkinch01.html"
"151","Al Attles*",1961,1971,"/players/a/attleal01.html"
"152","Chet Aubuchon",1947,1947,"/players/a/aubucch01.html"
"153","Stacey Augmon",1992,2006,"/players/a/augmost01.html"
"154","D.J. Augustin",2009,2020,"/players/a/augusdj01.html"
"155","James Augustine",2007,2008,"/players/a/augusja01.html"
"156","Isaac Austin",1992,2002,"/players/a/austiis01.html"
"157","Johnny Austin",1967,1968,"/players/a/austijo01.html"
"158","Ken Austin",1984,1984,"/players/a/austike01.html"
"159","Anthony Avent",1993,2000,"/players/a/aventan01.html"
"160","Bird Averitt",1974,1978,"/players/a/averibi01.html"
"161","William Avery",2000,2002,"/players/a/averywi01.html"
"162","Dennis Awtrey",1971,1982,"/players/a/awtrede01.html"
"163","Gustavo Ayón",2012,2014,"/players/a/ayongu01.html"
"164","Jeff Ayres",2010,2016,"/players/p/pendeje02.html"
"165","Deandre Ayton",2019,2020,"/players/a/aytonde01.html"
"166","Kelenna Azubuike",2007,2012,"/players/a/azubuke01.html"
