"","Player","From","To","plyrprofs"
"1","Chris Babb",2014,2014,"/players/b/babbch01.html"
"2","Luke Babbitt",2011,2018,"/players/b/babbilu01.html"
"3","Miloš Babic",1991,1992,"/players/b/babicmi01.html"
"4","Johnny Bach",1949,1949,"/players/b/bachjo01.html"
"5","Dwayne Bacon",2018,2020,"/players/b/bacondw01.html"
"6","Henry Bacon",1973,1973,"/players/b/baconhe01.html"
"7","Jim Baechtold",1953,1957,"/players/b/baechji01.html"
"8","Dalibor Bagaric",2001,2003,"/players/b/bagarda01.html"
"9","John Bagley",1983,1994,"/players/b/baglejo01.html"
"10","Marvin Bagley",2019,2020,"/players/b/baglema01.html"
"11","Carl Bailey",1982,1982,"/players/b/baileca01.html"
"12","Gus Bailey",1975,1980,"/players/b/bailegu01.html"
"13","James Bailey",1980,1988,"/players/b/baileja01.html"
"14","Thurl Bailey",1984,1999,"/players/b/baileth01.html"
"15","Toby Bailey",1999,2000,"/players/b/baileto01.html"
"16","Cameron Bairstow",2015,2016,"/players/b/bairsca01.html"
"17","Jimmie Baker",1976,1976,"/players/b/bakerji01.html"
"18","LaMark Baker",1999,1999,"/players/b/bakerla01.html"
"19","Maurice Baker",2005,2005,"/players/b/bakerma01.html"
"20","Norm Baker",1947,1947,"/players/b/bakerno01.html"
"21","Ron Baker",2017,2019,"/players/b/bakerro01.html"
"22","Vin Baker",1994,2006,"/players/b/bakervi01.html"
"23","Wade Baldwin",2017,2019,"/players/b/baldwwa01.html"
"24","Renaldo Balkman",2007,2012,"/players/b/balkmre01.html"
"25","Cedric Ball",1991,1991,"/players/b/ballce01.html"
"26","Lonzo Ball",2018,2020,"/players/b/balllo01.html"
"27","Greg Ballard",1978,1989,"/players/b/ballagr01.html"
"28","Herschel Baltimore",1947,1947,"/players/b/baltihe01.html"
"29","Mohamed Bamba",2019,2020,"/players/b/bambamo01.html"
"30","Gene Banks",1982,1987,"/players/b/banksge01.html"
"31","Marcus Banks",2004,2011,"/players/b/banksma01.html"
"32","Walker Banks",1971,1971,"/players/b/bankswa01.html"
"33","Ken Bannister",1985,1991,"/players/b/bannike01.html"
"34","Mike Bantom",1974,1982,"/players/b/bantomi01.html"
"35","John Barber",1957,1957,"/players/b/barbejo01.html"
"36","Leandro Barbosa",2004,2017,"/players/b/barbole01.html"
"37","Steve Bardo",1992,1996,"/players/b/bardost01.html"
"38","J.J. Barea",2007,2020,"/players/b/bareajo01.html"
"39","Andrea Bargnani",2007,2016,"/players/b/bargnan01.html"
"40","Cliff Barker",1950,1952,"/players/b/barkecl01.html"
"41","Tom Barker",1977,1979,"/players/b/barketo01.html"
"42","Charles Barkley*",1985,2000,"/players/b/barklch01.html"
"43","Erick Barkley",2001,2002,"/players/b/barkler01.html"
"44","Don Barksdale*",1952,1955,"/players/b/barksdo01.html"
"45","Harrison Barnes",2013,2020,"/players/b/barneha02.html"
"46","Harry Barnes",1969,1969,"/players/b/barneha01.html"
"47","Jim Barnes",1965,1971,"/players/b/barneji01.html"
"48","Marvin Barnes",1975,1980,"/players/b/barnema01.html"
"49","Matt Barnes",2004,2017,"/players/b/barnema02.html"
"50","Dick Barnett",1960,1974,"/players/b/barnedi01.html"
"51","Jim Barnett",1967,1977,"/players/b/barneji02.html"
"52","Nathaniel Barnett",1976,1976,"/players/b/barnena01.html"
"53","John Barnhill",1963,1972,"/players/b/barnhjo01.html"
"54","Norton Barnhill",1977,1977,"/players/b/barnhno01.html"
"55","Leo Barnhorst",1950,1954,"/players/b/barnhle01.html"
"56","John Barr",1947,1947,"/players/b/barrjo01.html"
"57","Mike Barr",1973,1977,"/players/b/barrmi01.html"
"58","Moe Barr",1971,1971,"/players/b/barrmo01.html"
"59","Andre Barrett",2005,2008,"/players/b/barrean01.html"
"60","Ernie Barrett",1954,1956,"/players/b/barreer01.html"
"61","Mike Barrett",1970,1973,"/players/b/barremi01.html"
"62","RJ Barrett",2020,2020,"/players/b/barrerj01.html"
"63","Earl Barron",2006,2015,"/players/b/barroea01.html"
"64","Dana Barros",1990,2004,"/players/b/barroda01.html"
"65","Brent Barry",1996,2009,"/players/b/barrybr01.html"
"66","Drew Barry",1998,2000,"/players/b/barrydr01.html"
"67","Jon Barry",1993,2006,"/players/b/barryjo01.html"
"68","Rick Barry*",1966,1980,"/players/b/barryri01.html"
"69","Ed Bartels",1950,1951,"/players/b/barteed01.html"
"70","Vic Bartolome",1972,1972,"/players/b/bartovi01.html"
"71","Will Barton",2013,2020,"/players/b/bartowi01.html"
"72","Eddie Basden",2006,2006,"/players/b/basdeed01.html"
"73","Jerry Baskerville",1976,1976,"/players/b/baskeje01.html"
"74","Brandon Bass",2006,2017,"/players/b/bassbr01.html"
"75","Tim Bassett",1974,1980,"/players/b/basseti01.html"
"76","Maceo Baston",2003,2009,"/players/b/bastoma01.html"
"77","Mengke Bateer",2002,2004,"/players/b/bateeme01.html"
"78","Billy Ray Bates",1980,1983,"/players/b/batesbi01.html"
"79","Keita Bates-Diop",2019,2020,"/players/b/bateske01.html"
"80","Esteban Batista",2006,2007,"/players/b/batises01.html"
"81","Mike Batiste",2003,2003,"/players/b/batismi01.html"
"82","Tony Battie",1998,2012,"/players/b/battito01.html"
"83","Shane Battier",2002,2014,"/players/b/battish01.html"
"84","John Battle",1986,1995,"/players/b/battljo01.html"
"85","Kenny Battle",1990,1993,"/players/b/battlke01.html"
"86","Dave Batton",1983,1984,"/players/b/battoda01.html"
"87","Lloyd Batts",1975,1975,"/players/b/battsll01.html"
"88","Nicolas Batum",2009,2020,"/players/b/batumni01.html"
"89","Johnny Baum",1970,1974,"/players/b/baumjo01.html"
"90","Frankie Baumholtz",1947,1947,"/players/b/baumhfr01.html"
"91","Lonny Baxter",2003,2006,"/players/b/baxtelo01.html"
"92","Jerryd Bayless",2009,2019,"/players/b/bayleje01.html"
"93","Elgin Baylor*",1959,1972,"/players/b/bayloel01.html"
"94","Howard Bayne",1968,1968,"/players/b/bayneho01.html"
"95","Aron Baynes",2013,2020,"/players/b/baynear01.html"
"96","Sergei Bazarevich",1995,1995,"/players/b/bazarse01.html"
"97","Kent Bazemore",2013,2020,"/players/b/bazemke01.html"
"98","Darius Bazley",2020,2020,"/players/b/bazleda01.html"
"99","Ed Beach",1951,1951,"/players/b/beached01.html"
"100","Bradley Beal",2013,2020,"/players/b/bealbr01.html"
"101","Al Beard",1968,1968,"/players/b/beardal01.html"
"102","Butch Beard",1970,1979,"/players/b/beardbu01.html"
"103","Ralph Beard",1950,1951,"/players/b/beardra01.html"
"104","Charles Beasley",1968,1971,"/players/b/beaslch01.html"
"105","Jerome Beasley",2004,2004,"/players/b/beaslje01.html"
"106","John Beasley",1968,1974,"/players/b/beasljo01.html"
"107","Malik Beasley",2017,2020,"/players/b/beaslma01.html"
"108","Michael Beasley",2009,2019,"/players/b/beaslmi01.html"
"109","Zelmo Beaty*",1963,1975,"/players/b/beatyze01.html"
"110","Rodrigue Beaubois",2010,2013,"/players/b/beaubro01.html"
"111","Byron Beck",1968,1977,"/players/b/beckby01.html"
"112","Corey Beck",1996,1999,"/players/b/beckco01.html"
"113","Ernie Beck",1954,1961,"/players/b/becker01.html"
"114","Arthur Becker",1968,1973,"/players/b/beckear01.html"
"115","Moe Becker",1947,1947,"/players/b/beckemo01.html"
"116","Bob Bedell",1968,1971,"/players/b/bedelbo01.html"
"117","William Bedford",1987,1993,"/players/b/bedfowi01.html"
"118","Hank Beenders",1947,1949,"/players/b/beendha01.html"
"119","Ron Behagen",1974,1980,"/players/b/behagro01.html"
"120","Elmer Behnke",1952,1952,"/players/b/behnkel01.html"
"121","Marco Belinelli",2008,2020,"/players/b/belinma01.html"
"122","Charlie Bell",2002,2011,"/players/b/bellch01.html"
"123","Dennis Bell",1974,1976,"/players/b/bellde01.html"
"124","Jordan Bell",2018,2020,"/players/b/belljo01.html"
"125","Raja Bell",2001,2012,"/players/b/bellra01.html"
"126","Troy Bell",2004,2004,"/players/b/belltr01.html"
"127","Whitey Bell",1960,1961,"/players/b/bellwh01.html"
"128","Walt Bellamy*",1962,1975,"/players/b/bellawa01.html"
"129","DeAndre' Bembry",2017,2020,"/players/b/bembrde01.html"
"130","Irv Bemoras",1954,1957,"/players/b/bemorir01.html"
"131","Leon Benbow",1975,1976,"/players/b/benbole01.html"
"132","Dragan Bender",2017,2020,"/players/b/bendedr01.html"
"133","Jonathan Bender",2000,2010,"/players/b/bendejo01.html"
"134","Jerrelle Benimon",2015,2015,"/players/b/benimje01.html"
"135","Benoit Benjamin",1986,2000,"/players/b/benjabe01.html"
"136","Corey Benjamin",1999,2003,"/players/b/benjaco01.html"
"137","Anthony Bennett",2014,2017,"/players/b/bennean01.html"
"138","Elmer Bennett",1995,1997,"/players/b/benneel01.html"
"139","Mario Bennett",1996,2000,"/players/b/bennema01.html"
"140","Mel Bennett",1976,1982,"/players/b/benneme01.html"
"141","Spider Bennett",1969,1969,"/players/b/bennesp01.html"
"142","Tony Bennett",1993,1995,"/players/b/benneto01.html"
"143","Winston Bennett",1990,1992,"/players/b/bennewi01.html"
"144","David Benoit",1992,2001,"/players/b/benoida01.html"
"145","Keith Benson",2012,2012,"/players/b/bensoke02.html"
"146","Kent Benson",1978,1988,"/players/b/bensoke01.html"
"147","Ben Bentil",2017,2017,"/players/b/bentibe01.html"
"148","Gene Berce",1950,1950,"/players/b/bercege01.html"
"149","Gary Bergen",1957,1957,"/players/b/bergega01.html"
"150","Larry Bergh",1970,1970,"/players/b/berghla01.html"
"151","Ricky Berry",1989,1989,"/players/b/berryri01.html"
"152","Walter Berry",1987,1989,"/players/b/berrywa01.html"
"153","Dairis Bertans",2019,2019,"/players/b/bertada02.html"
"154","Davis Bertans",2017,2020,"/players/b/bertada01.html"
"155","Del Beshore",1979,1980,"/players/b/beshode01.html"
"156","Travis Best",1996,2005,"/players/b/besttr01.html"
"157","Patrick Beverley",2013,2020,"/players/b/beverpa01.html"
"158","Sim Bhullar",2015,2015,"/players/b/bhullsi01.html"
"159","Wesley Bialosuknia",1968,1968,"/players/b/bialowe01.html"
"160","Al Bianchi",1957,1966,"/players/b/biancal01.html"
"161","Hank Biasatti",1947,1947,"/players/b/biasaha01.html"
"162","Henry Bibby",1973,1981,"/players/b/bibbyhe01.html"
"163","Mike Bibby",1999,2012,"/players/b/bibbymi01.html"
"164","Ed Biedenbach",1969,1969,"/players/b/biedeed01.html"
"165","Andris Biedrinš",2005,2014,"/players/b/biedran01.html"
"166","Don Bielke",1956,1956,"/players/b/bielkdo01.html"
"167","Bob Bigelow",1976,1979,"/players/b/bigelbo01.html"
"168","Lionel Billingy",1975,1975,"/players/b/billili01.html"
"169","Chauncey Billups",1998,2014,"/players/b/billuch01.html"
"170","Dave Bing*",1967,1978,"/players/b/bingda01.html"
"171","Joe Binion",1987,1987,"/players/b/biniojo01.html"
"172","Khem Birch",2018,2020,"/players/b/birchkh01.html"
"173","Jabari Bird",2018,2018,"/players/b/birdja01.html"
"174","Jerry Bird",1959,1959,"/players/b/birdje01.html"
"175","Larry Bird*",1980,1992,"/players/b/birdla01.html"
"176","Otis Birdsong",1978,1989,"/players/b/birdsot01.html"
"177","Gale Bishop",1949,1949,"/players/b/bishoga01.html"
"178","Goga Bitadze",2020,2020,"/players/b/bitadgo01.html"
"179","Bismack Biyombo",2012,2020,"/players/b/biyombi01.html"
"180","Nemanja Bjelica",2016,2020,"/players/b/bjeline01.html"
"181","Uwe Blab",1986,1990,"/players/b/blabuw01.html"
"182","Charlie Black",1949,1952,"/players/b/blackch01.html"
"183","Norman Black",1981,1981,"/players/b/blackno01.html"
"184","Tarik Black",2015,2018,"/players/b/blackta01.html"
"185","Tom Black",1971,1971,"/players/b/blackto01.html"
"186","Rolando Blackman",1982,1994,"/players/b/blackro01.html"
"187","Alex Blackwell",1993,1993,"/players/b/blackal01.html"
"188","Cory Blackwell",1985,1985,"/players/b/blackco01.html"
"189","James Blackwell",1995,1995,"/players/b/blackja01.html"
"190","Nate Blackwell",1988,1988,"/players/b/blackna01.html"
"191","DeJuan Blair",2010,2016,"/players/b/blairde01.html"
"192","Steve Blake",2004,2016,"/players/b/blakest01.html"
"193","Antonio Blakeney",2018,2019,"/players/b/blakean01.html"
"194","Will Blalock",2007,2007,"/players/b/blalowi01.html"
"195","George Blaney",1962,1962,"/players/b/blanege01.html"
"196","Lance Blanks",1991,1993,"/players/b/blankla01.html"
"197","Ricky Blanton",1993,1993,"/players/b/blantri01.html"
"198","Andray Blatche",2006,2014,"/players/b/blatcan01.html"
"199","Mookie Blaylock",1990,2002,"/players/b/blaylmo01.html"
"200","Eric Bledsoe",2011,2020,"/players/b/bledser01.html"
"201","Leon Blevins",1951,1951,"/players/b/blevile01.html"
"202","John Block",1967,1976,"/players/b/blockjo01.html"
"203","Mike Bloom",1948,1949,"/players/b/bloommi01.html"
"204","Jaron Blossomgame",2019,2019,"/players/b/blossja01.html"
"205","Corie Blount",1994,2004,"/players/b/blounco01.html"
"206","Mark Blount",2001,2009,"/players/b/blounma01.html"
"207","Vander Blue",2014,2018,"/players/b/blueva01.html"
"208","Ray Blume",1982,1982,"/players/b/blumera01.html"
"209","Nelson Bobb",1950,1953,"/players/b/bobbne01.html"
"210","Tony Bobbitt",2005,2005,"/players/b/bobbito01.html"
"211","Bucky Bockhorn",1959,1965,"/players/b/bockhbu01.html"
"212","Tom Boerwinkle",1969,1978,"/players/b/boerwto01.html"
"213","Keith Bogans",2004,2014,"/players/b/boganke01.html"
"214","Bogdan Bogdanovic",2018,2020,"/players/b/bogdabo01.html"
"215","Bojan Bogdanovic",2015,2020,"/players/b/bogdabo02.html"
"216","Muggsy Bogues",1988,2001,"/players/b/boguemu01.html"
"217","Andrew Bogut",2006,2019,"/players/b/bogutan01.html"
"218","Etdrick Bohannon",1998,2001,"/players/b/bohanet01.html"
"219","Manute Bol",1986,1995,"/players/b/bolma01.html"
"220","Jonah Bolden",2019,2020,"/players/b/boldejo01.html"
"221","Marques Bolden",2020,2020,"/players/b/boldema01.html"
"222","Bill Bolger",1954,1954,"/players/b/bolgebi01.html"
"223","Joel Bolomboy",2017,2018,"/players/b/bolomjo01.html"
"224","Doug Bolstorff",1958,1958,"/players/b/bolstdo01.html"
"225","George Bon Salle",1962,1962,"/players/b/bonsage01.html"
"226","Phil Bond",1978,1978,"/players/b/bondph01.html"
"227","Walter Bond",1993,1995,"/players/b/bondwa01.html"
"228","Jordan Bone",2020,2020,"/players/b/bonejo01.html"
"229","Dexter Boney",1997,1997,"/players/b/boneyde01.html"
"230","Isaac Bonga",2019,2020,"/players/b/bongais01.html"
"231","Ron Bonham",1965,1968,"/players/b/bonharo01.html"
"232","Anthony Bonner",1991,1996,"/players/b/bonnean01.html"
"233","Matt Bonner",2005,2016,"/players/b/bonnema01.html"
"234","Butch Booker",1970,1970,"/players/b/bookebu01.html"
"235","Devin Booker",2016,2020,"/players/b/bookede01.html"
"236","Melvin Booker",1996,1997,"/players/b/bookeme01.html"
"237","Trevor Booker",2011,2018,"/players/b/booketr01.html"
"238","Josh Boone",2007,2010,"/players/b/boonejo01.html"
"239","Ron Boone",1969,1981,"/players/b/boonero01.html"
"240","Calvin Booth",2000,2009,"/players/b/boothca01.html"
"241","Keith Booth",1998,1999,"/players/b/boothke01.html"
"242","Bob Boozer",1961,1971,"/players/b/boozebo01.html"
"243","Carlos Boozer",2003,2015,"/players/b/boozeca01.html"
"244","Curtis Borchardt",2004,2005,"/players/b/borchcu01.html"
"245","Jake Bornheimer",1949,1950,"/players/b/bornhja01.html"
"246","Lazaro Borrell",2000,2000,"/players/b/borrela01.html"
"247","Ike Borsavage",1951,1951,"/players/b/borsaik01.html"
"248","Vince Boryla",1950,1954,"/players/b/borylvi01.html"
"249","Chris Bosh",2004,2016,"/players/b/boshch01.html"
"250","Jim Bostic",1978,1978,"/players/b/bostiji01.html"
"251","Lawrence Boston",1980,1980,"/players/b/bostola01.html"
"252","Tom Boswell",1976,1984,"/players/b/bosweto01.html"
"253","Chris Boucher",2018,2020,"/players/b/bouchch01.html"
"254","Ruben Boumtje-Boumtje",2002,2004,"/players/b/boumtru01.html"
"255","Don Boven",1950,1953,"/players/b/bovendo01.html"
"256","Cal Bowdler",2000,2002,"/players/b/bowdlca01.html"
"257","Brian Bowen",2020,2020,"/players/b/bowenbr02.html"
"258","Bruce Bowen",1997,2009,"/players/b/bowenbr01.html"
"259","Ryan Bowen",2000,2010,"/players/b/bowenry01.html"
"260","Tommie Bowens",1968,1970,"/players/b/bowento01.html"
"261","Anthony Bowie",1989,1998,"/players/b/bowiean01.html"
"262","Sam Bowie",1985,1995,"/players/b/bowiesa01.html"
"263","Orbie Bowling",1968,1968,"/players/b/bowlior01.html"
"264","Ira Bowman",2000,2002,"/players/b/bowmair01.html"
"265","Ky Bowman",2020,2020,"/players/b/bowmaky01.html"
"266","Nate Bowman",1967,1972,"/players/b/bowmana01.html"
"267","Donnie Boyce",1996,1997,"/players/b/boycedo01.html"
"268","Dennis Boyd",1979,1979,"/players/b/boydde01.html"
"269","Freddie Boyd",1973,1978,"/players/b/boydfr01.html"
"270","Ken Boyd",1975,1975,"/players/b/boydke01.html"
"271","Earl Boykins",1999,2012,"/players/b/boykiea01.html"
"272","Harry Boykoff",1950,1951,"/players/b/boykoha01.html"
"273","Winford Boynes",1979,1981,"/players/b/boynewi01.html"
"274","Cedric Bozeman",2007,2007,"/players/b/bozemce01.html"
"275","Steve Bracey",1973,1975,"/players/b/bracest01.html"
"276","Craig Brackins",2011,2012,"/players/b/brackcr01.html"
"277","Gary Bradds",1965,1971,"/players/b/braddga01.html"
"278","Alex Bradley",1982,1982,"/players/b/bradlal02.html"
"279","Alonzo Bradley",1978,1980,"/players/b/bradlal01.html"
"280","Avery Bradley",2011,2020,"/players/b/bradlav01.html"
"281","Bill Bradley",1968,1968,"/players/b/bradlbi02.html"
"282","Bill Bradley*",1968,1977,"/players/b/bradlbi01.html"
"283","Charles Bradley",1982,1984,"/players/b/bradlch01.html"
"284","Dudley Bradley",1980,1989,"/players/b/bradldu01.html"
"285","Jim Bradley",1974,1976,"/players/b/bradlji01.html"
"286","Joe Bradley",1950,1950,"/players/b/bradljo01.html"
"287","Michael Bradley",2002,2006,"/players/b/bradlmi01.html"
"288","Shawn Bradley",1994,2005,"/players/b/bradlsh01.html"
"289","Tony Bradley",2018,2020,"/players/b/bradlto01.html"
"290","Mark Bradtke",1997,1997,"/players/b/bradtma01.html"
"291","Marques Bragg",1996,1996,"/players/b/braggma01.html"
"292","Torraye Braggs",2004,2005,"/players/b/braggto01.html"
"293","A.J. Bramlett",2000,2000,"/players/b/bramlaj01.html"
"294","Adrian Branch",1987,1990,"/players/b/brancad01.html"
"295","Elton Brand",2000,2016,"/players/b/brandel01.html"
"296","Terrell Brandon",1992,2002,"/players/b/brandte01.html"
"297","Bob Brannum",1950,1955,"/players/b/brannbo01.html"
"298","Brad Branson",1982,1983,"/players/b/bransbr01.html"
"299","Jesse Branson",1966,1968,"/players/b/bransje01.html"
"300","Jarrell Brantley",2020,2020,"/players/b/brantja01.html"
"301","Jim Brasco",1953,1953,"/players/b/brascji01.html"
"302","Mike Bratz",1978,1986,"/players/b/bratzmi01.html"
"303","Carl Braun*",1948,1962,"/players/b/braunca01.html"
"304","Ignas Brazdeikis",2020,2020,"/players/b/brazdig01.html"
"305","Tim Breaux",1995,1998,"/players/b/breauti01.html"
"306","J.R. Bremer",2003,2004,"/players/b/bremejr01.html"
"307","Pete Brennan",1959,1959,"/players/b/brennpe01.html"
"308","Tom Brennan",1955,1955,"/players/b/brennto01.html"
"309","Randy Breuer",1984,1994,"/players/b/breuera01.html"
"310","Corey Brewer",2008,2019,"/players/b/breweco01.html"
"311","Jamison Brewer",2002,2005,"/players/b/breweja01.html"
"312","Jim Brewer",1974,1982,"/players/b/breweji01.html"
"313","Ron Brewer",1979,1986,"/players/b/brewero01.html"
"314","Ronnie Brewer",2007,2014,"/players/b/brewero02.html"
"315","Primož Brezec",2002,2010,"/players/b/brezepr01.html"
"316","Frankie Brian",1950,1956,"/players/b/brianfr01.html"
"317","Frank Brickowski",1985,1997,"/players/b/brickfr01.html"
"318","Junior Bridgeman",1976,1987,"/players/b/bridgju01.html"
"319","Bill Bridges",1963,1975,"/players/b/bridgbi01.html"
"320","Mikal Bridges",2019,2020,"/players/b/bridgmi01.html"
"321","Miles Bridges",2019,2020,"/players/b/bridgmi02.html"
"322","Al Brightman",1947,1947,"/players/b/brighal01.html"
"323","Aud Brindley",1947,1947,"/players/b/brindau01.html"
"324","Isaiah Briscoe",2019,2019,"/players/b/briscis01.html"
"325","John Brisker",1970,1975,"/players/b/briskjo01.html"
"326","Oshae Brissett",2020,2020,"/players/b/brissos01.html"
"327","Allan Bristow",1974,1983,"/players/b/bristal01.html"
"328","Tyrone Britt",1968,1968,"/players/b/brittty01.html"
"329","Wayman Britt",1978,1978,"/players/b/brittwa01.html"
"330","Mike Brittain",1986,1987,"/players/b/brittmi01.html"
"331","Dave Britton",1981,1981,"/players/b/brittda01.html"
"332","Jon Brockman",2010,2012,"/players/b/brockjo01.html"
"333","Ryan Broekhoff",2019,2020,"/players/b/broekry01.html"
"334","Jim Brogan",1982,1983,"/players/b/brogaji01.html"
"335","Malcolm Brogdon",2017,2020,"/players/b/brogdma01.html"
"336","Gary Brokaw",1975,1978,"/players/b/brokaga01.html"
"337","Price Brookfield",1949,1950,"/players/b/brookpr01.html"
"338","Clarence Brookins",1971,1971,"/players/b/brookcl01.html"
"339","Aaron Brooks",2008,2018,"/players/b/brookaa01.html"
"340","Dillon Brooks",2018,2020,"/players/b/brookdi01.html"
"341","Kevin Brooks",1992,1994,"/players/b/brookke01.html"
"342","MarShon Brooks",2012,2019,"/players/b/brookma01.html"
"343","Michael Brooks",1981,1988,"/players/b/brookmi01.html"
"344","Scott Brooks",1989,1998,"/players/b/brooksc01.html"
"345","Andre Brown",2007,2009,"/players/b/brownan01.html"
"346","Anthony Brown",2016,2018,"/players/b/brownan02.html"
"347","Bob Brown",1949,1950,"/players/b/brownbo01.html"
"348","Bobby Brown",2009,2018,"/players/b/brownbo02.html"
"349","Bruce Brown",2019,2020,"/players/b/brownbr01.html"
"350","Charlie Brown",2020,2020,"/players/b/brownch02.html"
"351","Chucky Brown",1990,2002,"/players/b/brownch01.html"
"352","Damone Brown",2002,2005,"/players/b/brownda02.html"
"353","Darrell Brown",1949,1949,"/players/b/brownda01.html"
"354","Dee Brown",1991,2002,"/players/b/brownde01.html"
"355","Dee Brown",2007,2009,"/players/b/brownde03.html"
"356","Derrick Brown",2010,2012,"/players/b/brownde04.html"
"357","Devin Brown",2003,2010,"/players/b/brownde02.html"
"358","Ernest Brown",2002,2002,"/players/b/browner01.html"
"359","Fred Brown",1972,1984,"/players/b/brownfr01.html"
"360","George Brown",1958,1958,"/players/b/brownge01.html"
"361","Gerald Brown",1999,1999,"/players/b/brownge02.html"
"362","Harold Brown",1947,1947,"/players/b/brownha01.html"
"363","Jabari Brown",2015,2015,"/players/b/brownja01.html"
"364","Jaylen Brown",2017,2020,"/players/b/brownja02.html"
"365","John Brown",1974,1980,"/players/b/brownjo01.html"
"366","Kedrick Brown",2002,2005,"/players/b/brownke01.html"
"367","Kwame Brown",2002,2013,"/players/b/brownkw01.html"
"368","Larry Brown*",1968,1972,"/players/b/brownla01.html"
"369","Leon Brown",1947,1947,"/players/b/brownle01.html"
"370","Lewis Brown",1981,1981,"/players/b/brownle02.html"
"371","Lorenzo Brown",2014,2019,"/players/b/brownlo01.html"
"372","Marcus Brown",1997,2000,"/players/b/brownma01.html"
"373","Markel Brown",2015,2018,"/players/b/brownma02.html"
"374","Mike Brown",1987,1997,"/players/b/brownmi01.html"
"375","Moses Brown",2020,2020,"/players/b/brownmo01.html"
"376","Myron Brown",1992,1992,"/players/b/brownmy01.html"
"377","P.J. Brown",1994,2008,"/players/b/brownpj01.html"
"378","Randy Brown",1992,2003,"/players/b/brownra02.html"
"379","Raymond Brown",1990,1990,"/players/b/brownra01.html"
"380","Rickey Brown",1981,1985,"/players/b/brownri01.html"
"381","Roger Brown*",1968,1975,"/players/b/brownro01.html"
"382","Roger Brown",1973,1980,"/players/b/brownro02.html"
"383","Shannon Brown",2007,2015,"/players/b/brownsh01.html"
"384","Stan Brown",1948,1952,"/players/b/brownst01.html"
"385","Sterling Brown",2018,2020,"/players/b/brownst02.html"
"386","Tierre Brown",2002,2005,"/players/b/brownti01.html"
"387","Tony Brown",1985,1992,"/players/b/brownto01.html"
"388","Troy Brown",2019,2020,"/players/b/browntr01.html"
"389","Jim Browne",1949,1950,"/players/b/brownji01.html"
"390","Stanley Brundy",1990,1990,"/players/b/brundst01.html"
"391","Brian Brunkhorst",1969,1969,"/players/b/brunkbr01.html"
"392","George Bruns",1973,1973,"/players/b/brunsge01.html"
"393","Jalen Brunson",2019,2020,"/players/b/brunsja01.html"
"394","Rick Brunson",1998,2006,"/players/b/brunsri01.html"
"395","Nicolás Brussino",2017,2018,"/players/b/brussni01.html"
"396","Em Bryant",1965,1972,"/players/b/bryanem01.html"
"397","Joe Bryant",1976,1983,"/players/b/bryanjo01.html"
"398","Kobe Bryant*",1997,2016,"/players/b/bryanko01.html"
"399","Mark Bryant",1989,2003,"/players/b/bryanma01.html"
"400","Thomas Bryant",2018,2020,"/players/b/bryanth01.html"
"401","Wallace Bryant",1984,1986,"/players/b/bryanwa01.html"
"402","Torgeir Bryn",1990,1990,"/players/b/brynto01.html"
"403","George Bucci",1976,1976,"/players/b/buccige01.html"
"404","Joe Buckhalter",1962,1963,"/players/b/buckhjo01.html"
"405","Steve Bucknall",1990,1990,"/players/b/bucknst01.html"
"406","Cleveland Buckner",1962,1963,"/players/b/buckncl01.html"
"407","Greg Buckner",2000,2009,"/players/b/buckngr01.html"
"408","Quinn Buckner",1977,1986,"/players/b/bucknqu01.html"
"409","Dave Budd",1961,1965,"/players/b/buddda01.html"
"410","Chase Budinger",2010,2016,"/players/b/budinch01.html"
"411","Walt Budko",1949,1952,"/players/b/budkowa01.html"
"412","Jud Buechler",1991,2002,"/players/b/buechju01.html"
"413","Rodney Buford",2000,2005,"/players/b/buforro01.html"
"414","Matt Bullard",1991,2002,"/players/b/bullama01.html"
"415","Reggie Bullock",2014,2020,"/players/b/bullore01.html"
"416","Larry Bunce",1968,1969,"/players/b/buncela01.html"
"417","Greg Bunch",1979,1979,"/players/b/bunchgr01.html"
"418","Dick Bunt",1953,1953,"/players/b/buntdi01.html"
"419","Bill Buntin",1966,1966,"/players/b/buntibi01.html"
"420","Bill Bunting",1970,1972,"/players/b/buntibi02.html"
"421","Ticky Burden",1976,1978,"/players/b/burdeti01.html"
"422","Pat Burke",2003,2007,"/players/b/burkepa01.html"
"423","Trey Burke",2014,2020,"/players/b/burketr01.html"
"424","Roger Burkman",1982,1982,"/players/b/burkmro01.html"
"425","Alec Burks",2012,2020,"/players/b/burksal01.html"
"426","Antonio Burks",2005,2006,"/players/b/burksan01.html"
"427","Kevin Burleson",2006,2006,"/players/b/burleke01.html"
"428","Tom Burleson",1975,1981,"/players/b/burleto01.html"
"429","Jack Burmaster",1950,1950,"/players/b/burmaja01.html"
"430","David Burns",1982,1982,"/players/b/burnsda01.html"
"431","Evers Burns",1994,1994,"/players/b/burnsev01.html"
"432","Jim Burns",1968,1968,"/players/b/burnsji01.html"
"433","Scott Burrell",1994,2001,"/players/b/burresc01.html"
"434","Art Burris",1951,1952,"/players/b/burriar01.html"
"435","Junior Burrough",1996,1996,"/players/b/burroju01.html"
"436","Bob Burrow",1957,1958,"/players/b/burrobo01.html"
"437","Deonte Burton",2019,2020,"/players/b/burtode02.html"
"438","Ed Burton",1962,1965,"/players/b/burtoed01.html"
"439","Willie Burton",1991,1999,"/players/b/burtowi01.html"
"440","Steve Burtt",1985,1993,"/players/b/burttst01.html"
"441","Don Buse",1973,1985,"/players/b/busedo01.html"
"442","David Bustion",1973,1973,"/players/b/bustida01.html"
"443","Donnie Butcher",1962,1966,"/players/b/butchdo01.html"
"444","Al Butler",1962,1965,"/players/b/butleal01.html"
"445","Caron Butler",2003,2016,"/players/b/butleca01.html"
"446","Greg Butler",1989,1991,"/players/b/butlegr01.html"
"447","Jackie Butler",2005,2007,"/players/b/butleja01.html"
"448","Jimmy Butler",2012,2020,"/players/b/butleji01.html"
"449","Mike Butler",1969,1972,"/players/b/butlemi01.html"
"450","Mitchell Butler",1994,2004,"/players/b/butlemi02.html"
"451","Rasual Butler",2003,2016,"/players/b/butlera01.html"
"452","Dwight Buycks",2014,2018,"/players/b/buyckdw01.html"
"453","Derrick Byars",2012,2012,"/players/b/byarsde01.html"
"454","Andrew Bynum",2006,2014,"/players/b/bynuman01.html"
"455","Will Bynum",2006,2015,"/players/b/bynumwi01.html"
"456","Walter Byrd",1970,1970,"/players/b/byrdwa01.html"
"457","Marty Byrnes",1979,1983,"/players/b/byrnema01.html"
"458","Tommy Byrnes",1947,1951,"/players/b/byrneto01.html"
"459","Michael Bytzura",1947,1947,"/players/b/bytzumi01.html"
