"","Player","From","To","plyrprofs"
"1","Joe Fabel",1947,1947,"/players/f/fabeljo01.html"
"2","John Fairchild",1966,1970,"/players/f/faircjo01.html"
"3","Tacko Fall",2020,2020,"/players/f/fallta01.html"
"4","Phil Farbman",1949,1949,"/players/f/farbmph01.html"
"5","Kenneth Faried",2012,2019,"/players/f/farieke01.html"
"6","Dick Farley",1955,1959,"/players/f/farledi01.html"
"7","Jordan Farmar",2007,2017,"/players/f/farmajo01.html"
"8","Desmon Farmer",2007,2009,"/players/f/farmede01.html"
"9","Jim Farmer",1988,1994,"/players/f/farmeji01.html"
"10","Mike Farmer",1959,1966,"/players/f/farmemi01.html"
"11","Tony Farmer",1998,2000,"/players/f/farmeto01.html"
"12","Bob Faught",1947,1947,"/players/f/faughbo01.html"
"13","V<ed>tor Faverani",2014,2014,"/players/f/favervi01.html"
"14","Derrick Favors",2011,2020,"/players/f/favorde01.html"
"15","Nick Fazekas",2008,2008,"/players/f/fazekni01.html"
"16","Dave Fedor",1963,1963,"/players/f/fedorda01.html"
"17","Bob Feerick",1947,1950,"/players/f/feeribo01.html"
"18","Butch Feher",1977,1977,"/players/f/feherbu01.html"
"19","Jamie Feick",1997,2001,"/players/f/feickja01.html"
"20","Ron Feiereisel",1956,1956,"/players/f/feierro01.html"
"21","George Feigenbaum",1950,1953,"/players/f/feigege01.html"
"22","Dave Feitl",1987,1992,"/players/f/feitlda01.html"
"23","Kay Felder",2017,2018,"/players/f/feldeka01.html"
"24","Cristiano Felício",2016,2020,"/players/f/feliccr01.html"
"25","Carrick Felix",2014,2014,"/players/f/felixca01.html"
"26","Noel Felix",2006,2006,"/players/f/felixno01.html"
"27","Ray Felix",1954,1962,"/players/f/felixra01.html"
"28","Raymond Felton",2006,2019,"/players/f/feltora01.html"
"29","Jake Fendley",1952,1953,"/players/f/fendlja01.html"
"30","Warren Fenley",1947,1947,"/players/f/fenlewa01.html"
"31","Desmond Ferguson",2004,2004,"/players/f/fergude01.html"
"32","Terrance Ferguson",2018,2020,"/players/f/fergute01.html"
"33","Rudy Fernández",2009,2012,"/players/f/fernaru01.html"
"34","Bruno Fernando",2020,2020,"/players/f/fernabr01.html"
"35","Eric Fernsten",1976,1984,"/players/f/fernser01.html"
"36","Al Ferrari",1956,1963,"/players/f/ferraal01.html"
"37","Rolando Ferreira",1989,1989,"/players/f/ferrero01.html"
"38","Duane Ferrell",1989,1999,"/players/f/ferredu01.html"
"39","Yogi Ferrell",2017,2020,"/players/f/ferreyo01.html"
"40","Arnie Ferrin",1949,1951,"/players/f/ferriar01.html"
"41","Bob Ferry",1960,1969,"/players/f/ferrybo01.html"
"42","Danny Ferry",1991,2003,"/players/f/ferryda01.html"
"43","Kyrylo Fesenko",2008,2012,"/players/f/fesenky01.html"
"44","Bobby Fields",1972,1972,"/players/f/fieldbo01.html"
"45","Kenny Fields",1985,1988,"/players/f/fieldke01.html"
"46","Landry Fields",2011,2015,"/players/f/fieldla01.html"
"47","Ron Filipek",1968,1968,"/players/f/filipro01.html"
"48","Greg Fillmore",1971,1972,"/players/f/fillmgr01.html"
"49","Larry Finch",1974,1975,"/players/f/finchla01.html"
"50","Hank Finkel",1967,1975,"/players/f/finkeha01.html"
"51","Michael Finley",1996,2010,"/players/f/finlemi01.html"
"52","Danny Finn",1953,1955,"/players/f/finnda01.html"
"53","Dorian Finney-Smith",2017,2020,"/players/f/finnedo01.html"
"54","Matt Fish",1995,1997,"/players/f/fishma01.html"
"55","Derek Fisher",1997,2014,"/players/f/fishede01.html"
"56","Richard Fisher",1972,1972,"/players/f/fisheri01.html"
"57","Gerald Fitch",2006,2006,"/players/f/fitchge01.html"
"58","Bob Fitzgerald",1947,1949,"/players/f/fitzgbo01.html"
"59","Dick Fitzgerald",1947,1948,"/players/f/fitzgdi01.html"
"60","Marcus Fizer",2001,2006,"/players/f/fizerma01.html"
"61","Jerry Fleishman",1947,1953,"/players/f/fleisje01.html"
"62","Al Fleming",1978,1978,"/players/f/flemial01.html"
"63","Ed Fleming",1956,1960,"/players/f/flemied01.html"
"64","Vern Fleming",1985,1996,"/players/f/flemive01.html"
"65","Luis Flores",2005,2005,"/players/f/florelu01.html"
"66","Bruce Flowers",1983,1983,"/players/f/flowebr01.html"
"67","Sleepy Floyd",1983,1995,"/players/f/floydsl01.html"
"68","Jonny Flynn",2010,2012,"/players/f/flynnjo01.html"
"69","Mike Flynn",1976,1978,"/players/f/flynnmi01.html"
"70","Larry Fogle",1976,1976,"/players/f/foglela01.html"
"71","Jack Foley",1963,1963,"/players/f/foleyja01.html"
"72","Isaac Fontaine",2002,2002,"/players/f/fontais01.html"
"73","Levi Fontaine",1971,1971,"/players/f/fontale01.html"
"74","Jeff Foote",2012,2012,"/players/f/footeje01.html"
"75","Bryn Forbes",2017,2020,"/players/f/forbebr01.html"
"76","Gary Forbes",2011,2012,"/players/f/forbega01.html"
"77","Alphonso Ford",1994,1995,"/players/f/fordal01.html"
"78","Alton Ford",2002,2004,"/players/f/fordal02.html"
"79","Bob Ford",1973,1973,"/players/f/fordbo01.html"
"80","Chris Ford",1973,1982,"/players/f/fordch01.html"
"81","Don Ford",1976,1982,"/players/f/forddo01.html"
"82","Jake Ford",1971,1972,"/players/f/fordja01.html"
"83","Phil Ford",1979,1985,"/players/f/fordph01.html"
"84","Sharrod Ford",2006,2006,"/players/f/fordsh02.html"
"85","Sherell Ford",1996,1996,"/players/f/fordsh01.html"
"86","T.J. Ford",2004,2012,"/players/f/fordtj01.html"
"87","Donnie Forman",1949,1949,"/players/f/formado01.html"
"88","Bayard Forrest",1978,1979,"/players/f/forreba01.html"
"89","Joseph Forte",2002,2003,"/players/f/fortejo01.html"
"90","Courtney Fortson",2012,2012,"/players/f/fortsco01.html"
"91","Danny Fortson",1998,2007,"/players/f/fortsda01.html"
"92","Fred Foster",1969,1977,"/players/f/fostefr01.html"
"93","Greg Foster",1991,2003,"/players/f/fostegr01.html"
"94","Jeff Foster",2000,2012,"/players/f/fosteje01.html"
"95","Jimmy Foster",1975,1976,"/players/f/fosteja01.html"
"96","Rod Foster",1984,1986,"/players/f/fostero01.html"
"97","Antonis Fotsis",2002,2002,"/players/f/fotsian01.html"
"98","Evan Fournier",2013,2020,"/players/f/fournev01.html"
"99","Larry Foust",1951,1962,"/players/f/foustla01.html"
"100","Calvin Fowler",1970,1970,"/players/f/fowleca01.html"
"101","Jerry Fowler",1952,1952,"/players/f/fowleje01.html"
"102","Tremaine Fowlkes",2002,2005,"/players/f/fowlktr01.html"
"103","De'Aaron Fox",2018,2020,"/players/f/foxde01.html"
"104","Harold Fox",1973,1973,"/players/f/foxha01.html"
"105","Jim Fox",1968,1977,"/players/f/foxji01.html"
"106","Rick Fox",1992,2004,"/players/f/foxri01.html"
"107","Randy Foye",2007,2017,"/players/f/foyera01.html"
"108","Adonal Foyle",1998,2009,"/players/f/foylead01.html"
"109","Richie Frahm",2004,2008,"/players/f/frahmri01.html"
"110","Steve Francis",2000,2008,"/players/f/francst01.html"
"111","Tellis Frank",1988,1994,"/players/f/frankte01.html"
"112","Nat Frankel",1947,1947,"/players/f/frankna01.html"
"113","Jamaal Franklin",2014,2015,"/players/f/frankja01.html"
"114","William Franklin",1973,1976,"/players/f/frankwi01.html"
"115","Ronald Franz",1968,1973,"/players/f/franzro01.html"
"116","Melvin Frazier",2019,2020,"/players/f/frazime01.html"
"117","Michael Frazier",2020,2020,"/players/f/frazimi01.html"
"118","Tim Frazier",2015,2020,"/players/f/fraziti01.html"
"119","Walt Frazier*",1968,1980,"/players/f/fraziwa01.html"
"120","Will Frazier",1966,1969,"/players/f/fraziwi01.html"
"121","Anthony Frederick",1989,1992,"/players/f/fredean01.html"
"122","Jimmer Fredette",2012,2019,"/players/f/fredeji01.html"
"123","World B. Free",1976,1988,"/players/f/freewo01.html"
"124","Joel Freeland",2013,2015,"/players/f/freeljo01.html"
"125","Donnie Freeman",1968,1976,"/players/f/freemdo01.html"
"126","Gary Freeman",1971,1971,"/players/f/freemga01.html"
"127","Rod Freeman",1974,1974,"/players/f/freemro01.html"
"128","Matt Freije",2005,2007,"/players/f/freijma01.html"
"129","Frido Frey",1947,1947,"/players/f/freyfr01.html"
"130","Larry Friend",1958,1958,"/players/f/frienla01.html"
"131","Pat Frink",1969,1969,"/players/f/frinkpa01.html"
"132","Jim Fritsche",1954,1955,"/players/f/fritsji01.html"
"133","Channing Frye",2006,2019,"/players/f/fryech01.html"
"134","Bernie Fryer",1974,1975,"/players/f/fryerbe01.html"
"135","Frank Fucarino",1947,1947,"/players/f/fucarfr01.html"
"136","Herm Fuetsch",1948,1948,"/players/f/fuetshe01.html"
"137","Joe Fulks*",1947,1954,"/players/f/fulksjo01.html"
"138","Carl Fuller",1971,1972,"/players/f/fulleca01.html"
"139","Hiram Fuller",2004,2004,"/players/f/fullehi01.html"
"140","Todd Fuller",1997,2001,"/players/f/fulleto02.html"
"141","Tony Fuller",1981,1981,"/players/f/fulleto01.html"
"142","Markelle Fultz",2018,2020,"/players/f/fultzma01.html"
"143","Lawrence Funderburke",1998,2005,"/players/f/fundela01.html"
"144","Terry Furlow",1977,1980,"/players/f/furlote01.html"
