"","Player","From","To","plyrprofs"
"1","Rui Hachimura",2020,2020,"/players/h/hachiru01.html"
"2","Rudy Hackett",1976,1977,"/players/h/hackeru01.html"
"3","Hamed Haddadi",2009,2013,"/players/h/haddaha01.html"
"4","Jim Hadnot",1968,1968,"/players/h/hadnoji01.html"
"5","Scott Haffner",1990,1991,"/players/h/haffnsc01.html"
"6","Cliff Hagan*",1957,1970,"/players/h/hagancl01.html"
"7","Glenn Hagan",1982,1982,"/players/h/hagangl01.html"
"8","Tom Hagan",1970,1971,"/players/h/haganto01.html"
"9","Robert Hahn",1950,1950,"/players/h/hahnro01.html"
"10","Al Hairston",1969,1970,"/players/h/hairsal01.html"
"11","Happy Hairston",1965,1975,"/players/h/hairsha01.html"
"12","Lindsay Hairston",1976,1976,"/players/h/hairsli01.html"
"13","Malik Hairston",2009,2010,"/players/h/hairsma01.html"
"14","P.J. Hairston",2015,2016,"/players/h/hairspj02.html"
"15","Marcus Haislip",2003,2010,"/players/h/haislma01.html"
"16","Chick Halbert",1947,1951,"/players/h/halbech01.html"
"17","Swede Halbrook",1961,1962,"/players/h/halbrsw01.html"
"18","Bruce Hale",1949,1951,"/players/h/halebr01.html"
"19","Hal Hale",1968,1968,"/players/h/haleha01.html"
"20","Jack Haley",1989,1998,"/players/h/haleyja01.html"
"21","Shaler Halimon",1969,1973,"/players/h/halimsh01.html"
"22","Devon Hall",2020,2020,"/players/h/hallde01.html"
"23","Donta Hall",2020,2020,"/players/h/halldo01.html"
"24","Mike Hall",2007,2007,"/players/h/hallmi01.html"
"25","Jeff Halliburton",1972,1973,"/players/h/hallije01.html"
"26","Darvin Ham",1997,2005,"/players/h/hamda01.html"
"27","Steve Hamer",1997,1997,"/players/h/hamerst01.html"
"28","Dale Hamilton",1950,1950,"/players/h/hamilda01.html"
"29","Daniel Hamilton",2018,2019,"/players/h/hamilda02.html"
"30","Dennis Hamilton",1968,1971,"/players/h/hamilde01.html"
"31","Joe Hamilton",1971,1976,"/players/h/hamiljo01.html"
"32","Jordan Hamilton",2012,2016,"/players/h/hamiljo02.html"
"33","Justin Hamilton",2014,2017,"/players/h/hamilju01.html"
"34","Ralph Hamilton",1949,1949,"/players/h/hamilra01.html"
"35","Richard Hamilton",2000,2013,"/players/h/hamilri01.html"
"36","Roy Hamilton",1980,1981,"/players/h/hamilro01.html"
"37","Steve Hamilton",1959,1960,"/players/h/hamilst01.html"
"38","Tang Hamilton",2002,2002,"/players/h/hamilta01.html"
"39","Thomas Hamilton",1996,2000,"/players/h/hamilth01.html"
"40","Zendon Hamilton",2001,2006,"/players/h/hamilze01.html"
"41","Geert Hammink",1994,1996,"/players/h/hammige01.html"
"42","Julian Hammond",1968,1972,"/players/h/hammoju01.html"
"43","Tom Hammonds",1990,2001,"/players/h/hammoto01.html"
"44","A.J. Hammons",2017,2017,"/players/h/hammoaj01.html"
"45","Joe Hamood",1968,1968,"/players/h/hamoojo01.html"
"46","Darrin Hancock",1995,1997,"/players/h/hancoda01.html"
"47","Ben Handlogten",2004,2005,"/players/h/handlbe01.html"
"48","Cecil Hankins",1947,1948,"/players/h/hankice01.html"
"49","Phil Hankinson",1974,1975,"/players/h/hankiph01.html"
"50","Dusty Hannahs",2019,2020,"/players/h/hannadu01.html"
"51","Alex Hannum*",1950,1957,"/players/h/hannual01.html"
"52","Don Hanrahan",1953,1953,"/players/h/hanrado01.html"
"53","Rollen Hans",1954,1955,"/players/h/hansro01.html"
"54","Ben Hansbrough",2013,2013,"/players/h/hansbbe01.html"
"55","Tyler Hansbrough",2010,2016,"/players/h/hansbty01.html"
"56","Bob Hansen",1984,1992,"/players/h/hansebo01.html"
"57","Glenn Hansen",1976,1978,"/players/h/hansegl01.html"
"58","Lars Hansen",1979,1979,"/players/h/hansela01.html"
"59","Travis Hansen",2004,2004,"/players/h/hansetr01.html"
"60","Reggie Hanson",1998,1998,"/players/h/hansore01.html"
"61","Bill Hanzlik",1981,1990,"/players/h/hanzlbi01.html"
"62","Luke Harangody",2011,2012,"/players/h/haranlu01.html"
"63","Anfernee Hardaway",1994,2008,"/players/h/hardaan01.html"
"64","Tim Hardaway",1990,2003,"/players/h/hardati01.html"
"65","Tim Hardaway",2014,2020,"/players/h/hardati02.html"
"66","James Harden",2010,2020,"/players/h/hardeja01.html"
"67","Reggie Harding",1964,1968,"/players/h/hardire01.html"
"68","Charlie Hardnett",1963,1965,"/players/h/hardnch01.html"
"69","Alan Hardy",1981,1982,"/players/h/hardyal01.html"
"70","Darrell Hardy",1968,1968,"/players/h/hardyda01.html"
"71","James Hardy",1979,1982,"/players/h/hardyja01.html"
"72","Ira Harge",1968,1973,"/players/h/hargeir01.html"
"73","John Hargis",1950,1951,"/players/h/hargijo01.html"
"74","Maurice Harkless",2013,2020,"/players/h/harklma01.html"
"75","Jerry Harkness",1964,1969,"/players/h/harknje01.html"
"76","Skip Harlicka",1969,1969,"/players/h/harlisk01.html"
"77","Jerome Harmon",1995,1995,"/players/h/harmoje01.html"
"78","Derek Harper",1984,1999,"/players/h/harpede01.html"
"79","Jared Harper",2020,2020,"/players/h/harpeja01.html"
"80","Justin Harper",2012,2017,"/players/h/harpeju01.html"
"81","Mike Harper",1981,1982,"/players/h/harpemi01.html"
"82","Ron Harper",1987,2001,"/players/h/harpero01.html"
"83","Matt Harpring",1999,2009,"/players/h/harprma01.html"
"84","Montrezl Harrell",2016,2020,"/players/h/harremo01.html"
"85","Josh Harrellson",2012,2014,"/players/h/harrejo01.html"
"86","Adam Harrington",2003,2003,"/players/h/harriad01.html"
"87","Al Harrington",1999,2014,"/players/h/harrial01.html"
"88","Junior Harrington",2003,2007,"/players/h/harriju01.html"
"89","Othella Harrington",1997,2008,"/players/h/harriot01.html"
"90","Art Harris",1969,1972,"/players/h/harriar01.html"
"91","Bernie Harris",1975,1975,"/players/h/harribe01.html"
"92","Billy Harris",1975,1975,"/players/h/harribi01.html"
"93","Bob Harris",1950,1954,"/players/h/harribo01.html"
"94","Chris Harris",1956,1956,"/players/h/harrich01.html"
"95","Devin Harris",2005,2019,"/players/h/harride01.html"
"96","Elias Harris",2014,2014,"/players/h/harriel01.html"
"97","Gary Harris",2015,2020,"/players/h/harriga01.html"
"98","Joe Harris",2015,2020,"/players/h/harrijo01.html"
"99","Lucious Harris",1994,2005,"/players/h/harrilu01.html"
"100","Manny Harris",2011,2017,"/players/h/harrima01.html"
"101","Mike Harris",2008,2014,"/players/h/harrimi01.html"
"102","Steve Harris",1986,1990,"/players/h/harrist01.html"
"103","Terrel Harris",2012,2013,"/players/h/harrite01.html"
"104","Tobias Harris",2012,2020,"/players/h/harrito02.html"
"105","Tony Harris",1991,1995,"/players/h/harrito01.html"
"106","Aaron Harrison",2016,2018,"/players/h/harriaa01.html"
"107","Andrew Harrison",2017,2019,"/players/h/harrian01.html"
"108","Bob Harrison",1950,1958,"/players/h/harribo02.html"
"109","David Harrison",2005,2008,"/players/h/harrida01.html"
"110","Shaquille Harrison",2018,2020,"/players/h/harrish01.html"
"111","Jason Hart",2001,2010,"/players/h/hartja01.html"
"112","Josh Hart",2018,2020,"/players/h/hartjo01.html"
"113","Isaiah Hartenstein",2019,2020,"/players/h/harteis01.html"
"114","Antonio Harvey",1994,2003,"/players/h/harvean01.html"
"115","Donnell Harvey",2001,2005,"/players/h/harvedo01.html"
"116","Scott Haskin",1994,1994,"/players/h/haskisc01.html"
"117","Clem Haskins",1968,1976,"/players/h/haskicl01.html"
"118","Udonis Haslem",2004,2020,"/players/h/hasleud01.html"
"119","Trenton Hassell",2002,2010,"/players/h/hassetr01.html"
"120","Billy Hassett",1950,1951,"/players/h/hassebi01.html"
"121","Joe Hassett",1978,1983,"/players/h/hassejo01.html"
"122","Scott Hastings",1983,1993,"/players/h/hastisc01.html"
"123","Kirk Haston",2002,2003,"/players/h/hastoki01.html"
"124","Vern Hatton",1959,1962,"/players/h/hattove01.html"
"125","John Havlicek*",1963,1978,"/players/h/havlijo01.html"
"126","Spencer Hawes",2008,2017,"/players/h/hawessp01.html"
"127","Steve Hawes",1975,1984,"/players/h/hawesst01.html"
"128","Bubbles Hawkins",1976,1979,"/players/h/hawkiro01.html"
"129","Connie Hawkins*",1968,1976,"/players/h/hawkico01.html"
"130","Hersey Hawkins",1989,2001,"/players/h/hawkihe01.html"
"131","Juaquin Hawkins",2003,2003,"/players/h/hawkiju01.html"
"132","Marshall Hawkins",1950,1950,"/players/h/hawkima01.html"
"133","Michael Hawkins",1997,2001,"/players/h/hawkimi01.html"
"134","Tom Hawkins",1960,1969,"/players/h/hawkito01.html"
"135","Nate Hawthorne",1974,1976,"/players/h/hawthna01.html"
"136","Chuck Hayes",2006,2016,"/players/h/hayesch01.html"
"137","Elvin Hayes*",1969,1984,"/players/h/hayesel01.html"
"138","Jarvis Hayes",2004,2010,"/players/h/hayesja01.html"
"139","Jaxson Hayes",2020,2020,"/players/h/hayesja02.html"
"140","Jim Hayes",1971,1971,"/players/h/hayesji01.html"
"141","Nigel Hayes",2018,2018,"/players/h/hayesni01.html"
"142","Steve Hayes",1982,1986,"/players/h/hayesst01.html"
"143","Gordon Hayward",2011,2020,"/players/h/haywago01.html"
"144","Lazar Hayward",2011,2013,"/players/h/haywala01.html"
"145","Brendan Haywood",2002,2015,"/players/h/haywobr01.html"
"146","Spencer Haywood*",1970,1983,"/players/h/haywosp01.html"
"147","John Hazen",1949,1949,"/players/h/hazenjo01.html"
"148","Walt Hazzard",1965,1974,"/players/a/abdulma01.html"
"149","Luther Head",2006,2011,"/players/h/headlu01.html"
"150","Shane Heal",1997,2004,"/players/h/healsh01.html"
"151","Brian Heaney",1970,1970,"/players/h/heanebr01.html"
"152","Gar Heard",1971,1981,"/players/h/heardga01.html"
"153","Reggie Hearn",2018,2018,"/players/h/hearnre01.html"
"154","Herm Hedderick",1955,1955,"/players/h/heddehe01.html"
"155","Alvin Heggs",1996,1996,"/players/h/heggsal01.html"
"156","Tom Heinsohn*",1957,1965,"/players/h/heinsto01.html"
"157","Dick Hemric",1956,1957,"/players/h/hemridi01.html"
"158","Alan Henderson",1996,2007,"/players/h/hendeal01.html"
"159","Cedric Henderson",1987,1987,"/players/h/hendece01.html"
"160","Cedric Henderson",1998,2002,"/players/h/hendece02.html"
"161","Dave Henderson",1988,1988,"/players/h/hendeda01.html"
"162","Gerald Henderson",1980,1992,"/players/h/hendege01.html"
"163","Gerald Henderson",2010,2017,"/players/h/hendege02.html"
"164","J.R. Henderson",1999,1999,"/players/h/hendejr01.html"
"165","Jerome Henderson",1986,1987,"/players/h/hendeje01.html"
"166","Kevin Henderson",1987,1988,"/players/h/hendeke01.html"
"167","Tom Henderson",1975,1983,"/players/h/hendeto01.html"
"168","Mark Hendrickson",1997,2000,"/players/h/hendrma01.html"
"169","Larry Hennessy",1956,1957,"/players/h/hennela01.html"
"170","Don Henriksen",1953,1955,"/players/h/henrido01.html"
"171","Al Henry",1971,1972,"/players/h/henryal01.html"
"172","Bill Henry",1949,1950,"/players/h/henrybi01.html"
"173","Carl Henry",1986,1986,"/players/h/henryca01.html"
"174","Conner Henry",1987,1988,"/players/h/henryco01.html"
"175","Myke Henry",2018,2018,"/players/h/henrymy01.html"
"176","Skeeter Henry",1994,1994,"/players/h/henrysk01.html"
"177","Xavier Henry",2011,2015,"/players/h/henryxa01.html"
"178","John Henson",2013,2020,"/players/h/hensojo01.html"
"179","Steve Henson",1991,1999,"/players/h/hensost01.html"
"180","Charles Hentz",1971,1971,"/players/h/hentzch01.html"
"181","Bill Herman",1950,1950,"/players/h/hermabi01.html"
"182","Kleggie Hermsen",1947,1953,"/players/h/hermskl01.html"
"183","Dewan Hernandez",2020,2020,"/players/h/hernade01.html"
"184","Juan Hernang<f3>mez",2017,2020,"/players/h/hernaju01.html"
"185","Willy Hernangómez",2017,2020,"/players/h/hernawi01.html"
"186","Chris Herren",2000,2001,"/players/h/herrech01.html"
"187","Carl Herrera",1992,1999,"/players/h/herreca01.html"
"188","Walter Herrmann",2007,2009,"/players/h/herrmwa01.html"
"189","Tyler Herro",2020,2020,"/players/h/herroty01.html"
"190","Keith Herron",1979,1982,"/players/h/herroke01.html"
"191","Sonny Hertzberg",1947,1951,"/players/h/hertzso01.html"
"192","Kevin Hervey",2020,2020,"/players/h/herveke01.html"
"193","Dan Hester",1971,1971,"/players/h/hesteda01.html"
"194","Fred Hetzel",1966,1971,"/players/h/hetzefr01.html"
"195","Bill Hewitt",1969,1975,"/players/h/hewitbi01.html"
"196","Jack Hewson",1948,1948,"/players/h/hewsoja01.html"
"197","Art Heyman",1964,1970,"/players/h/heymaar01.html"
"198","Mario Hezonja",2016,2020,"/players/h/hezonma01.html"
"199","Roy Hibbert",2009,2017,"/players/h/hibbero01.html"
"200","Nat Hickey",1948,1948,"/players/h/hickena01.html"
"201","Isaiah Hicks",2018,2019,"/players/h/hicksis01.html"
"202","Phil Hicks",1977,1979,"/players/h/hicksph01.html"
"203","J.J. Hickson",2009,2016,"/players/h/hicksjj01.html"
"204","Buddy Hield",2017,2020,"/players/h/hieldbu01.html"
"205","Bill Higgins",1975,1975,"/players/h/higgibi01.html"
"206","Cory Higgins",2012,2013,"/players/h/higgico01.html"
"207","Earle Higgins",1971,1971,"/players/h/higgiea01.html"
"208","Mike Higgins",1990,1991,"/players/h/higgimi01.html"
"209","Rod Higgins",1983,1995,"/players/h/higgiro01.html"
"210","Sean Higgins",1991,1998,"/players/h/higgise01.html"
"211","Kenny Higgs",1979,1982,"/players/h/higgske01.html"
"212","Johnny High",1980,1984,"/players/h/highjo01.html"
"213","Haywood Highsmith",2019,2019,"/players/h/highsha01.html"
"214","Wayne Hightower",1963,1972,"/players/h/hightwa01.html"
"215","Nenê Hilário",2003,2019,"/players/h/hilarne01.html"
"216","Armond Hill",1977,1984,"/players/h/hillar01.html"
"217","Cleo Hill",1962,1962,"/players/h/hillcl01.html"
"218","Gary Hill",1964,1965,"/players/h/hillga01.html"
"219","George Hill",2009,2020,"/players/h/hillge01.html"
"220","Grant Hill*",1995,2013,"/players/h/hillgr01.html"
"221","Jordan Hill",2010,2017,"/players/h/hilljo01.html"
"222","Simmie Hill",1970,1974,"/players/h/hillsi01.html"
"223","Solomon Hill",2014,2020,"/players/h/hillso01.html"
"224","Steven Hill",2009,2009,"/players/h/hillst01.html"
"225","Tyrone Hill",1991,2004,"/players/h/hillty01.html"
"226","Art Hillhouse",1947,1948,"/players/h/hillhar01.html"
"227","Darrun Hilliard",2016,2018,"/players/h/hillida01.html"
"228","Darnell Hillman",1972,1980,"/players/h/hillmda01.html"
"229","Fred Hilton",1972,1973,"/players/h/hiltofr01.html"
"230","Kirk Hinrich",2004,2016,"/players/h/hinriki01.html"
"231","Roy Hinson",1984,1991,"/players/h/hinsoro01.html"
"232","Mel Hirsch",1947,1947,"/players/h/hirscme01.html"
"233","Lew Hitch",1952,1957,"/players/h/hitchle01.html"
"234","Robert Hite",2007,2007,"/players/h/hitero01.html"
"235","Jaylen Hoard",2020,2020,"/players/h/hoardja01.html"
"236","Darington Hobson",2012,2012,"/players/h/hobsoda01.html"
"237","Donald Hodge",1992,1996,"/players/h/hodgedo01.html"
"238","Julius Hodge",2006,2007,"/players/h/hodgeju01.html"
"239","Craig Hodges",1983,1992,"/players/h/hodgecr01.html"
"240","Charlie Hoefer",1947,1948,"/players/h/hoefech01.html"
"241","Paul Hoffman",1948,1955,"/players/h/hoffmpa01.html"
"242","Bob Hogsett",1967,1968,"/players/h/hogsebo01.html"
"243","Paul Hogue",1963,1964,"/players/h/hoguedu01.html"
"244","Fred Hoiberg",1996,2005,"/players/h/hoibefr01.html"
"245","Doug Holcomb",1949,1949,"/players/h/holcodo01.html"
"246","Randy Holcomb",2006,2006,"/players/h/holcora01.html"
"247","Aaron Holiday",2019,2020,"/players/h/holidaa01.html"
"248","Jrue Holiday",2010,2020,"/players/h/holidjr01.html"
"249","Justin Holiday",2013,2020,"/players/h/holidju01.html"
"250","Brad Holland",1980,1982,"/players/h/hollabr01.html"
"251","Joe Holland",1950,1952,"/players/h/hollajo01.html"
"252","John Holland",2018,2019,"/players/h/hollajo02.html"
"253","Wilbur Holland",1976,1979,"/players/h/hollawi01.html"
"254","Lionel Hollins",1976,1985,"/players/h/hollili01.html"
"255","Ryan Hollins",2007,2016,"/players/h/holliry01.html"
"256","Essie Hollis",1979,1979,"/players/h/hollies01.html"
"257","Rondae Hollis-Jefferson",2016,2020,"/players/h/holliro01.html"
"258","Dennis Holman",1968,1968,"/players/h/holmade01.html"
"259","Richaun Holmes",2016,2020,"/players/h/holmeri01.html"
"260","Jim Holstein",1953,1956,"/players/h/holstji01.html"
"261","A.W. Holt",1971,1971,"/players/h/holtaw01.html"
"262","Mike Holton",1985,1990,"/players/h/holtomi01.html"
"263","Dick Holub",1948,1948,"/players/h/holubdi01.html"
"264","Joe Holup",1957,1959,"/players/h/holupjo01.html"
"265","Red Holzman*",1949,1954,"/players/h/holzmre01.html"
"266","Jerald Honeycutt",1998,1999,"/players/h/honeyje01.html"
"267","Tyler Honeycutt",2012,2013,"/players/h/honeyty01.html"
"268","Derek Hood",2000,2000,"/players/h/hoodde01.html"
"269","Rodney Hood",2015,2020,"/players/h/hoodro01.html"
"270","Bobby Hooper",1969,1969,"/players/h/hoopebo01.html"
"271","Carroll Hooser",1968,1968,"/players/h/hooseca01.html"
"272","Tom Hoover",1964,1969,"/players/h/hooveto01.html"
"273","Bob Hopkins",1957,1960,"/players/h/hopkibo01.html"
"274","Dave Hoppen",1988,1993,"/players/h/hoppeda01.html"
"275","Dennis Hopson",1988,1992,"/players/h/hopsode01.html"
"276","Scotty Hopson",2014,2018,"/players/h/hopsosc01.html"
"277","Johnny Horan",1956,1956,"/players/h/horanjo01.html"
"278","Cedrick Hordges",1981,1982,"/players/h/hordgce01.html"
"279","Al Horford",2008,2020,"/players/h/horfoal01.html"
"280","Tito Horford",1989,1994,"/players/h/horfoti01.html"
"281","Ron Horn",1962,1968,"/players/h/hornro01.html"
"282","Jeff Hornacek",1987,2000,"/players/h/hornaje01.html"
"283","Dennis Horner",2012,2012,"/players/h/hornede01.html"
"284","Robert Horry",1993,2008,"/players/h/horryro01.html"
"285","Ed Horton",1990,1990,"/players/h/hortoed01.html"
"286","Talen Horton-Tucker",2020,2020,"/players/h/hortota01.html"
"287","Bill Hosket",1969,1972,"/players/h/hoskebi01.html"
"288","Bob Houbregs*",1954,1958,"/players/h/houbrbo01.html"
"289","Danuel House",2017,2020,"/players/h/houseda01.html"
"290","Eddie House",2001,2011,"/players/h/houseed01.html"
"291","Allan Houston",1994,2005,"/players/h/houstal01.html"
"292","Byron Houston",1993,1996,"/players/h/houstby01.html"
"293","Tom Hovasse",1995,1995,"/players/h/hovasto01.html"
"294","Brian Howard",1992,1993,"/players/h/howarbr01.html"
"295","Dwight Howard",2005,2020,"/players/h/howardw01.html"
"296","Greg Howard",1971,1972,"/players/h/howargr01.html"
"297","Josh Howard",2004,2013,"/players/h/howarjo01.html"
"298","Juwan Howard",1995,2013,"/players/h/howarju01.html"
"299","Mo Howard",1977,1977,"/players/h/howarmo01.html"
"300","Otis Howard",1979,1979,"/players/h/howarot01.html"
"301","Stephen Howard",1993,1998,"/players/h/howarst01.html"
"302","William Howard",2020,2020,"/players/h/howarwi01.html"
"303","Bailey Howell*",1960,1971,"/players/h/howelba01.html"
"304","Bob Hubbard",1948,1949,"/players/h/hubbabo01.html"
"305","Phil Hubbard",1980,1989,"/players/h/hubbaph01.html"
"306","Lester Hudson",2010,2015,"/players/h/hudsole01.html"
"307","Lou Hudson",1967,1979,"/players/h/hudsolo01.html"
"308","Troy Hudson",1998,2008,"/players/h/hudsotr01.html"
"309","Marcelo Huertas",2016,2017,"/players/h/huertma01.html"
"310","Kevin Huerter",2019,2020,"/players/h/huertke01.html"
"311","Josh Huestis",2016,2018,"/players/h/huestjo01.html"
"312","Nate Huffman",2003,2003,"/players/h/huffmna01.html"
"313","Alfredrick Hughes",1986,1986,"/players/h/hugheri01.html"
"314","Eddie Hughes",1988,1990,"/players/h/hugheed01.html"
"315","Kim Hughes",1976,1981,"/players/h/hugheki01.html"
"316","Larry Hughes",1999,2012,"/players/h/hughela01.html"
"317","Rick Hughes",2000,2000,"/players/h/hugheri02.html"
"318","Robbie Hummel",2014,2015,"/players/h/hummero01.html"
"319","John Hummer",1971,1976,"/players/h/hummejo01.html"
"320","Ryan Humphrey",2003,2005,"/players/h/humphry01.html"
"321","Isaac Humphries",2019,2019,"/players/h/humphis01.html"
"322","Jay Humphries",1985,1995,"/players/h/humphja01.html"
"323","Kris Humphries",2005,2017,"/players/h/humphkr01.html"
"324","Hot Rod Hundley",1958,1963,"/players/h/hundlho01.html"
"325","Brandon Hunter",2004,2005,"/players/h/huntebr01.html"
"326","Cedric Hunter",1992,1992,"/players/h/huntece01.html"
"327","Chris Hunter",2010,2010,"/players/h/huntech01.html"
"328","De'Andre Hunter",2020,2020,"/players/h/huntede01.html"
"329","Les Hunter",1965,1973,"/players/h/huntele01.html"
"330","Lindsey Hunter",1994,2010,"/players/h/hunteli01.html"
"331","Othello Hunter",2009,2010,"/players/h/hunteot01.html"
"332","R.J. Hunter",2016,2019,"/players/h/hunterj01.html"
"333","Steven Hunter",2002,2010,"/players/h/huntest01.html"
"334","Vince Hunter",2018,2018,"/players/h/huntevi01.html"
"335","Bobby Hurley",1994,1998,"/players/h/hurlebo01.html"
"336","Roy Hurley",1947,1947,"/players/h/hurlero01.html"
"337","Geoff Huston",1980,1987,"/players/h/hustoge01.html"
"338","Paul Huston",1948,1948,"/players/h/hustopa01.html"
"339","Mel Hutchins",1952,1958,"/players/h/hutchme01.html"
"340","Chandler Hutchison",2019,2020,"/players/h/hutchch01.html"
"341","Joe Hutton",1951,1952,"/players/h/huttojo01.html"
"342","Greg Hyder",1971,1971,"/players/h/hydergr01.html"
