"","Player","From","To","plyrprofs"
"1","Mfiondu Kabengele",2020,2020,"/players/k/kabenmf01.html"
"2","Whitey Kachan",1949,1949,"/players/k/kachawh01.html"
"3","George Kaftan",1949,1953,"/players/k/kaftage01.html"
"4","Ed Kalafat",1955,1957,"/players/k/kalafed01.html"
"5","Chris Kaman",2004,2016,"/players/k/kamanch01.html"
"6","Frank Kaminsky",2016,2020,"/players/k/kaminfr01.html"
"7","Enes Kanter",2012,2020,"/players/k/kanteen01.html"
"8","Ralph Kaplowitz",1947,1948,"/players/k/kaplora01.html"
"9","Jason Kapono",2004,2012,"/players/k/kaponja01.html"
"10","Tony Kappen",1947,1947,"/players/k/kappeto01.html"
"11","Sergey Karasev",2014,2016,"/players/k/karasse01.html"
"12","Coby Karl",2008,2010,"/players/k/karlco01.html"
"13","George Karl",1974,1978,"/players/k/karlge01.html"
"14","Ed Kasid",1947,1947,"/players/k/kasided01.html"
"15","Mario Kasun",2005,2006,"/players/k/kasunma01.html"
"16","Leo Katkaveck",1949,1950,"/players/k/katkale01.html"
"17","Bob Kauffman",1969,1975,"/players/k/kauffbo01.html"
"18","Sasha Kaun",2016,2016,"/players/k/kaunsa01.html"
"19","Wilbert Kautz",1947,1947,"/players/k/kautzwi01.html"
"20","Clarence Kea",1981,1982,"/players/k/keacl01.html"
"21","Mike Kearns",1955,1955,"/players/k/kearnmi01.html"
"22","Tommy Kearns",1959,1959,"/players/k/kearnto01.html"
"23","Adam Keefe",1993,2001,"/players/k/keefead01.html"
"24","Harold Keeling",1986,1986,"/players/k/keeliha01.html"
"25","Bill Keller",1970,1976,"/players/k/kellebi01.html"
"26","Gary Keller",1968,1969,"/players/k/kellega01.html"
"27","Ken Keller",1947,1947,"/players/k/kelleke01.html"
"28","Rich Kelley",1976,1986,"/players/k/kelleri01.html"
"29","Clark Kellogg",1983,1987,"/players/k/kellocl01.html"
"30","Arvesta Kelly",1968,1972,"/players/k/kellyar01.html"
"31","Jerry Kelly",1947,1948,"/players/k/kellyje01.html"
"32","Ryan Kelly",2014,2017,"/players/k/kellyry01.html"
"33","Tom Kelly",1949,1949,"/players/k/kellyto01.html"
"34","Greg Kelser",1980,1985,"/players/k/kelsegr01.html"
"35","Ben Kelso",1974,1974,"/players/k/kelsobe01.html"
"36","Shawn Kemp",1990,2003,"/players/k/kempsh01.html"
"37","Tim Kempton",1987,1998,"/players/k/kemptti01.html"
"38","Frank Kendrick",1975,1975,"/players/k/kendrfr01.html"
"39","Luke Kennard",2018,2020,"/players/k/kennalu01.html"
"40","D.J. Kennedy",2012,2012,"/players/k/kennedj01.html"
"41","Goo Kennedy",1972,1977,"/players/k/kennego01.html"
"42","Joe Kennedy",1969,1971,"/players/k/kennejo01.html"
"43","Pickles Kennedy",1961,1961,"/players/k/kennepi01.html"
"44","Larry Kenon",1974,1983,"/players/k/kenonla01.html"
"45","Billy Kenville",1954,1960,"/players/k/kenvibi01.html"
"46","Jonathan Kerner",1999,1999,"/players/k/kernejo01.html"
"47","Red Kerr",1955,1966,"/players/k/kerrre01.html"
"48","Steve Kerr",1989,2003,"/players/k/kerrst01.html"
"49","Jack Kerris",1950,1953,"/players/k/kerrija01.html"
"50","Jerome Kersey",1985,2001,"/players/k/kerseje01.html"
"51","Tom Kerwin",1968,1968,"/players/k/kerwito01.html"
"52","Alec Kessler",1991,1994,"/players/k/kesslal01.html"
"53","Lari Ketner",2000,2001,"/players/k/ketnela01.html"
"54","Julius Keye",1970,1975,"/players/k/keyeju01.html"
"55","Randolph Keys",1989,1996,"/players/k/keysra01.html"
"56","Viktor Khryapa",2005,2008,"/players/k/khryavi01.html"
"57","Jason Kidd*",1995,2013,"/players/k/kiddja01.html"
"58","Stanton Kidd",2020,2020,"/players/k/kiddst01.html"
"59","Warren Kidd",1994,1994,"/players/k/kiddwa01.html"
"60","Michael Kidd-Gilchrist",2013,2020,"/players/k/kiddgmi01.html"
"61","Irv Kiffin",1980,1980,"/players/k/kiffiir01.html"
"62","Jack Kiley",1952,1953,"/players/k/kileyja01.html"
"63","Earnie Killum",1971,1971,"/players/k/killuea01.html"
"64","Carl Kilpatrick",1980,1980,"/players/k/kilpaca01.html"
"65","Sean Kilpatrick",2015,2018,"/players/k/kilpase01.html"
"66","Toby Kimball",1967,1975,"/players/k/kimbato01.html"
"67","Bo Kimble",1991,1993,"/players/k/kimblbo01.html"
"68","Stan Kimbrough",1990,1993,"/players/k/kimbrst01.html"
"69","Chad Kinch",1981,1981,"/players/k/kinchch01.html"
"70","Albert King",1982,1992,"/players/k/kingal01.html"
"71","Bernard King*",1978,1993,"/players/k/kingbe01.html"
"72","Chris King",1994,1999,"/players/k/kingch01.html"
"73","Dan King",1955,1955,"/players/k/kingda01.html"
"74","Frankie King",1996,1997,"/players/k/kingfr01.html"
"75","George King",1952,1958,"/players/k/kingge01.html"
"76","George King",2019,2019,"/players/k/kingge03.html"
"77","Gerard King",1999,2001,"/players/k/kingge02.html"
"78","Jim King",1964,1973,"/players/k/kingji01.html"
"79","Jimmy King",1996,1997,"/players/k/kingji02.html"
"80","Louis King",2020,2020,"/players/k/kinglo02.html"
"81","Loyd King",1972,1973,"/players/k/kinglo01.html"
"82","Maurice King",1960,1963,"/players/k/kingma01.html"
"83","Reggie King",1980,1985,"/players/k/kingre01.html"
"84","Rich King",1992,1995,"/players/k/kingri01.html"
"85","Ron King",1974,1974,"/players/k/kingro01.html"
"86","Stacey King",1990,1997,"/players/k/kingst01.html"
"87","Tom King",1947,1947,"/players/k/kingto01.html"
"88","Bob Kinney",1949,1950,"/players/k/kinnebo01.html"
"89","Tarence Kinsey",2007,2009,"/players/k/kinseta01.html"
"90","Andrei Kirilenko",2002,2015,"/players/k/kirilan01.html"
"91","Alex Kirk",2015,2015,"/players/k/kirkal01.html"
"92","Walt Kirk",1949,1952,"/players/k/kirkwa01.html"
"93","Wilber Kirkland",1970,1970,"/players/k/kirklwi01.html"
"94","Jim Kissane",1969,1969,"/players/k/kissaji01.html"
"95","Doug Kistler",1962,1962,"/players/k/kistldo01.html"
"96","Curtis Kitchen",1987,1987,"/players/k/kitchcu01.html"
"97","Greg Kite",1984,1995,"/players/k/kitegr01.html"
"98","Kerry Kittles",1997,2005,"/players/k/kittlke01.html"
"99","Maxi Kleber",2018,2020,"/players/k/klebima01.html"
"100","Joe Kleine",1986,2000,"/players/k/kleinjo01.html"
"101","Linas Kleiza",2006,2013,"/players/k/kleizli01.html"
"102","Leo Klier",1949,1950,"/players/k/klierle01.html"
"103","Herm Klotz",1948,1948,"/players/k/klotzhe01.html"
"104","Duane Klueh",1950,1951,"/players/k/kluehdu01.html"
"105","Lonnie Kluttz",1971,1971,"/players/k/kluttlo01.html"
"106","Billy Knight",1975,1985,"/players/k/knighbi01.html"
"107","Bob Knight",1955,1955,"/players/k/knighbo01.html"
"108","Brandin Knight",2005,2005,"/players/k/knighbr02.html"
"109","Brandon Knight",2012,2020,"/players/k/knighbr03.html"
"110","Brevin Knight",1998,2009,"/players/k/knighbr01.html"
"111","Negele Knight",1991,1999,"/players/k/knighne01.html"
"112","Ron Knight",1971,1972,"/players/k/knighro01.html"
"113","Toby Knight",1978,1982,"/players/k/knighto01.html"
"114","Travis Knight",1997,2003,"/players/k/knightr01.html"
"115","Lee Knorek",1947,1950,"/players/k/knorele01.html"
"116","Dick Knostman",1954,1954,"/players/k/knostdi01.html"
"117","Rod Knowles",1969,1969,"/players/k/knowlro01.html"
"118","Kevin Knox",2019,2020,"/players/k/knoxke01.html"
"119","Bart Kofoed",1988,1993,"/players/k/kofoeba01.html"
"120","Don Kojis",1964,1975,"/players/k/kojisdo01.html"
"121","Milo Komenich",1950,1950,"/players/k/komenmi01.html"
"122","Howard Komives",1965,1974,"/players/k/komivho01.html"
"123","Jon Koncak",1986,1996,"/players/k/koncajo01.html"
"124","John Konchar",2020,2020,"/players/k/konchjo01.html"
"125","Tom Kondla",1969,1969,"/players/k/kondlto01.html"
"126","Bud Koper",1965,1965,"/players/k/koperbu01.html"
"127","Joe Kopicki",1983,1985,"/players/k/kopicjo01.html"
"128","Furkan Korkmaz",2018,2020,"/players/k/korkmfu01.html"
"129","Frank Kornet",1990,1991,"/players/k/kornefr01.html"
"130","Luke Kornet",2018,2020,"/players/k/kornelu01.html"
"131","Yaroslav Korolev",2006,2007,"/players/k/korolya01.html"
"132","Kyle Korver",2004,2020,"/players/k/korveky01.html"
"133","Tony Koski",1969,1969,"/players/k/koskito01.html"
"134","Len Kosmalski",1975,1976,"/players/k/kosmale01.html"
"135","Andy Kostecka",1949,1949,"/players/k/kostean01.html"
"136","Harold Kottman",1947,1947,"/players/k/kottmha01.html"
"137","Kosta Koufos",2009,2019,"/players/k/koufoko01.html"
"138","Tom Kozelko",1974,1976,"/players/k/kozelto01.html"
"139","Ronald Kozlicki",1968,1968,"/players/k/kozliro01.html"
"140","Arvid Kramer",1980,1980,"/players/k/kramear01.html"
"141","Barry Kramer",1965,1970,"/players/k/krameba01.html"
"142","Joel Kramer",1979,1983,"/players/k/kramejo01.html"
"143","Steven Kramer",1968,1970,"/players/k/kramest01.html"
"144","Dan Kraus",1949,1949,"/players/k/krausda01.html"
"145","Herb Krautblatt",1949,1949,"/players/k/krauthe01.html"
"146","Viacheslav Kravtsov",2013,2014,"/players/k/kravtvi01.html"
"147","Jim Krebs",1958,1964,"/players/k/krebsji01.html"
"148","Wayne Kreklow",1981,1981,"/players/k/kreklwa01.html"
"149","Tommy Kron",1967,1970,"/players/k/kronto01.html"
"150","Tom Kropp",1976,1977,"/players/k/kroppto01.html"
"151","Nenad Krstic",2005,2011,"/players/k/krstine01.html"
"152","Larry Krystkowiak",1987,1997,"/players/k/krystla01.html"
"153","Steve Kuberski",1970,1978,"/players/k/kuberst01.html"
"154","Leo Kubiak",1950,1950,"/players/k/kubiale01.html"
"155","Bruce Kuczenski",1984,1984,"/players/k/kuczebr01.html"
"156","Frank Kudelka",1950,1953,"/players/k/kudelfr01.html"
"157","John Kuester",1978,1980,"/players/k/kuestjo01.html"
"158","Ray Kuka",1948,1949,"/players/k/kukara01.html"
"159","Toni Kukoc",1994,2006,"/players/k/kukocto01.html"
"160","Kevin Kunnert",1974,1982,"/players/k/kunneke01.html"
"161","Terry Kunze",1968,1968,"/players/k/kunzete01.html"
"162","Mitch Kupchak",1977,1986,"/players/k/kupchmi01.html"
"163","C.J. Kupec",1976,1978,"/players/k/kupeccj01.html"
"164","Rodions Kurucs",2019,2020,"/players/k/kurucro01.html"
"165","Rob Kurz",2009,2009,"/players/k/kurzro01.html"
"166","Ibo Kutluay",2005,2005,"/players/k/kutluib01.html"
"167","Kyle Kuzma",2018,2020,"/players/k/kuzmaky01.html"
"168","Ognjen Kuzmic",2014,2015,"/players/k/kuzmiog01.html"
"169","Mindaugas Kuzminskas",2017,2018,"/players/k/kuzmimi01.html"
