"","Player","From","To","plyrprofs"
"1","Fred LaCour",1961,1963,"/players/l/lacoufr01.html"
"2","Raef LaFrentz",1999,2008,"/players/l/lafrera01.html"
"3","Tom LaGarde",1978,1985,"/players/l/lagarto01.html"
"4","Rusty LaRue",1998,2004,"/players/l/larueru01.html"
"5","Rudy LaRusso",1960,1969,"/players/l/larusru01.html"
"6","Zach LaVine",2015,2020,"/players/l/lavinza01.html"
"7","Skal Labissi<e8>re",2017,2020,"/players/l/labissk01.html"
"8","Reggie Lacefield",1969,1969,"/players/l/lacefre01.html"
"9","Edgar Lacey",1969,1969,"/players/l/laceyed01.html"
"10","Sam Lacey",1971,1983,"/players/l/laceysa01.html"
"11","Bob Lackey",1973,1974,"/players/l/lackebo01.html"
"12","Wendell Ladner",1971,1975,"/players/l/ladnewe01.html"
"13","Christian Laettner",1993,2005,"/players/l/laettch01.html"
"14","Oliver Lafayette",2010,2010,"/players/l/lafayol01.html"
"15","Bill Laimbeer",1981,1994,"/players/l/laimbbi01.html"
"16","Pete Lalich",1947,1947,"/players/l/lalicpe01.html"
"17","Bo Lamar",1974,1977,"/players/l/lamarbo01.html"
"18","Doron Lamb",2013,2014,"/players/l/lambdo01.html"
"19","Jeremy Lamb",2013,2020,"/players/l/lambje01.html"
"20","John Lambert",1976,1982,"/players/l/lambejo01.html"
"21","Jeff Lamp",1982,1989,"/players/l/lampje01.html"
"22","Maciej Lampe",2004,2006,"/players/l/lampema01.html"
"23","Jim Lampley",1987,1987,"/players/l/lamplji01.html"
"24","Sean Lampley",2003,2004,"/players/l/lamplse01.html"
"25","Carl Landry",2008,2016,"/players/l/landrca01.html"
"26","Marcus Landry",2010,2010,"/players/l/landrma01.html"
"27","Mark Landsberger",1978,1984,"/players/l/landsma01.html"
"28","Jerome Lane",1989,1993,"/players/l/laneje01.html"
"29","Andrew Lang",1989,2000,"/players/l/langan01.html"
"30","Antonio Lang",1995,2000,"/players/l/langan02.html"
"31","James Lang",2007,2007,"/players/l/langja01.html"
"32","Trajan Langdon",2000,2002,"/players/l/langdtr01.html"
"33","Keith Langford",2008,2008,"/players/l/langfke01.html"
"34","Romeo Langford",2020,2020,"/players/l/langfro01.html"
"35","Dan Langhi",2001,2004,"/players/l/langhda01.html"
"36","Bob Lanier*",1971,1984,"/players/l/laniebo01.html"
"37","Stu Lantz",1969,1976,"/players/l/lantzst01.html"
"38","Nicolás Laprovíttola",2017,2017,"/players/l/laproni01.html"
"39","York Larese",1962,1962,"/players/l/laresyo01.html"
"40","Shane Larkin",2014,2018,"/players/l/larkish01.html"
"41","John Laskowski",1976,1977,"/players/l/laskojo01.html"
"42","Stéphane Lasme",2008,2008,"/players/l/lasmest01.html"
"43","Dave Lattin",1968,1973,"/players/l/lattida01.html"
"44","Priest Lauderdale",1997,1998,"/players/l/laudepr01.html"
"45","Rich Laurel",1978,1978,"/players/l/laureri01.html"
"46","Harry Laurie",1971,1971,"/players/l/lauriha01.html"
"47","Walt Lautenbach",1950,1950,"/players/l/lautewa01.html"
"48","Joffrey Lauvergne",2015,2018,"/players/l/lauvejo01.html"
"49","Tony Lavelli",1950,1951,"/players/l/lavelto01.html"
"50","Bob Lavoy",1951,1954,"/players/l/lavoybo01.html"
"51","Acie Law",2008,2011,"/players/l/lawac01.html"
"52","Vic Law",2020,2020,"/players/l/lawvi01.html"
"53","Gani Lawal",2011,2011,"/players/l/lawalga01.html"
"54","Edmund Lawrence",1981,1981,"/players/l/lawreed01.html"
"55","Jason Lawson",1998,1998,"/players/l/lawsoja01.html"
"56","Ty Lawson",2010,2017,"/players/l/lawsoty01.html"
"57","Jake Layman",2017,2020,"/players/l/laymaja01.html"
"58","Mo Layton",1972,1978,"/players/l/laytomo01.html"
"59","Caris LeVert",2017,2020,"/players/l/leverca01.html"
"60","T.J. Leaf",2018,2020,"/players/l/leaftj01.html"
"61","Manny Leaks",1969,1974,"/players/l/leaksma01.html"
"62","Hal Lear",1957,1957,"/players/l/learha01.html"
"63","Allen Leavell",1980,1989,"/players/l/leaveal01.html"
"64","Jeff Lebo",1990,1990,"/players/l/leboje01.html"
"65","Eric Leckner",1989,1997,"/players/l/leckner01.html"
"66","Jalen Lecque",2020,2020,"/players/l/lecquja01.html"
"67","Ricky Ledo",2014,2015,"/players/l/ledori01.html"
"68","Butch Lee",1979,1980,"/players/l/leebu01.html"
"69","Clyde Lee",1967,1976,"/players/l/leecl01.html"
"70","Courtney Lee",2009,2020,"/players/l/leeco01.html"
"71","Damion Lee",2018,2020,"/players/l/leeda03.html"
"72","David Lee",1968,1969,"/players/l/leeda01.html"
"73","David Lee",2006,2017,"/players/l/leeda02.html"
"74","Dick Lee",1968,1968,"/players/l/leedi01.html"
"75","Doug Lee",1992,1995,"/players/l/leedo01.html"
"76","George Lee",1961,1968,"/players/l/leege01.html"
"77","Greg Lee",1975,1976,"/players/l/leegr01.html"
"78","Keith Lee",1986,1989,"/players/l/leeke01.html"
"79","Kurk Lee",1991,1991,"/players/l/leeku01.html"
"80","Malcolm Lee",2012,2015,"/players/l/leema01.html"
"81","Rock Lee",1982,1982,"/players/l/leero02.html"
"82","Ron Lee",1977,1982,"/players/l/leero01.html"
"83","Russ Lee",1973,1975,"/players/l/leeru01.html"
"84","Ed Leede",1950,1951,"/players/l/leedeed01.html"
"85","Hank Lefkowitz",1947,1947,"/players/l/lefkoha01.html"
"86","Tim Legler",1990,2000,"/players/l/legleti01.html"
"87","George Lehmann",1968,1974,"/players/l/lehmage01.html"
"88","Walt Lemon",2018,2019,"/players/l/lemonwa01.html"
"89","Alex Len",2014,2020,"/players/l/lenal01.html"
"90","Voshon Lenard",1996,2006,"/players/l/lenarvo01.html"
"91","Leary Lentz",1968,1969,"/players/l/lentzle01.html"
"92","Gary Leonard",1990,1992,"/players/l/leonaga01.html"
"93","Kawhi Leonard",2012,2020,"/players/l/leonaka01.html"
"94","Meyers Leonard",2013,2020,"/players/l/leoname01.html"
"95","Slick Leonard*",1957,1963,"/players/l/leonasl01.html"
"96","Jim Les",1989,1995,"/players/l/lesji01.html"
"97","Travis Leslie",2012,2012,"/players/l/leslitr01.html"
"98","Ronnie Lester",1981,1986,"/players/l/lestero01.html"
"99","Clifford Lett",1990,1991,"/players/l/lettcl01.html"
"100","Jon Leuer",2012,2019,"/players/l/leuerjo01.html"
"101","Andrew Levane",1949,1953,"/players/l/levanan01.html"
"102","Fat Lever",1983,1994,"/players/l/leverfa01.html"
"103","Cliff Levingston",1983,1995,"/players/l/levincl01.html"
"104","Bobby Lewis",1968,1971,"/players/l/lewisbo01.html"
"105","Cedric Lewis",1996,1996,"/players/l/lewisce01.html"
"106","Freddie Lewis",1949,1950,"/players/l/lewisfr01.html"
"107","Freddie Lewis",1967,1977,"/players/l/lewisfr02.html"
"108","Grady Lewis",1947,1949,"/players/l/lewisgr01.html"
"109","Martin Lewis",1996,1997,"/players/l/lewisma01.html"
"110","Mike Lewis",1969,1974,"/players/l/lewismi01.html"
"111","Quincy Lewis",2000,2004,"/players/l/lewisqu01.html"
"112","Ralph Lewis",1988,1990,"/players/l/lewisra01.html"
"113","Rashard Lewis",1999,2014,"/players/l/lewisra02.html"
"114","Reggie Lewis",1988,1993,"/players/l/lewisre01.html"
"115","Marcus Liberty",1991,1994,"/players/l/liberma01.html"
"116","Todd Lichti",1990,1994,"/players/l/lichtto01.html"
"117","Barry Liebowitz",1968,1968,"/players/l/lieboba01.html"
"118","DeAndre Liggins",2012,2018,"/players/l/liggide01.html"
"119","Bill Ligon",1975,1975,"/players/l/ligonbi01.html"
"120","Goose Ligon",1968,1974,"/players/l/ligongo01.html"
"121","Damian Lillard",2013,2020,"/players/l/lillada01.html"
"122","Jeremy Lin",2011,2019,"/players/l/linje01.html"
"123","Steve Lingenfelter",1983,1984,"/players/l/lingest01.html"
"124","Alton Lister",1982,1998,"/players/l/listeal01.html"
"125","Nassir Little",2020,2020,"/players/l/littlna01.html"
"126","Samuel Little",1970,1970,"/players/l/littlsa01.html"
"127","Gene Littles",1970,1975,"/players/l/littlge01.html"
"128","Randy Livingston",1997,2007,"/players/l/livinra01.html"
"129","Shaun Livingston",2005,2019,"/players/l/livinsh01.html"
"130","Ron Livingstone",1950,1951,"/players/l/livinro01.html"
"131","Horacio Llamas Grey",1997,1998,"/players/l/llamaho01.html"
"132","Bobby Lloyd",1968,1969,"/players/l/lloydbo01.html"
"133","Chuck Lloyd",1971,1971,"/players/l/lloydch01.html"
"134","Earl Lloyd*",1951,1960,"/players/l/lloydea01.html"
"135","Lewis Lloyd",1982,1990,"/players/l/lloydle01.html"
"136","Scott Lloyd",1977,1983,"/players/l/lloydsc01.html"
"137","Riney Lochmann",1968,1970,"/players/l/lochmri01.html"
"138","Bob Lochmueller",1953,1953,"/players/l/lochmbo01.html"
"139","Rob Lock",1989,1989,"/players/l/lockro01.html"
"140","Darrell Lockhart",1984,1984,"/players/l/lockhda01.html"
"141","Ian Lockhart",1991,1991,"/players/l/lockhia01.html"
"142","Kevin Loder",1982,1984,"/players/l/loderke01.html"
"143","Don Lofgran",1951,1954,"/players/l/lofgrdo01.html"
"144","Zach Lofton",2019,2019,"/players/l/loftoza01.html"
"145","Henry Logan",1969,1970,"/players/l/loganhe01.html"
"146","John Logan",1947,1951,"/players/l/loganjo01.html"
"147","Brad Lohaus",1988,1998,"/players/l/lohaubr01.html"
"148","Art Long",2001,2003,"/players/l/longar01.html"
"149","Grant Long",1989,2003,"/players/l/longgr01.html"
"150","John Long",1979,1997,"/players/l/longjo01.html"
"151","Paul Long",1968,1971,"/players/l/longpa01.html"
"152","Shawn Long",2017,2017,"/players/l/longsh01.html"
"153","Willie Long",1972,1974,"/players/l/longwi01.html"
"154","Luc Longley",1992,2001,"/players/l/longllu01.html"
"155","Kevon Looney",2016,2020,"/players/l/looneke01.html"
"156","Brook Lopez",2009,2020,"/players/l/lopezbr01.html"
"157","Felipe López",1999,2002,"/players/l/lopezfe01.html"
"158","Raül López",2004,2005,"/players/l/lopezra01.html"
"159","Robin Lopez",2009,2020,"/players/l/lopezro01.html"
"160","Ryan Lorthridge",1995,1995,"/players/l/lorthry01.html"
"161","Jim Loscutoff",1956,1964,"/players/l/loscuji01.html"
"162","Plummer Lott",1968,1969,"/players/l/lottpl01.html"
"163","Kevin Loughery",1963,1973,"/players/l/loughke01.html"
"164","Bob Love",1967,1977,"/players/l/lovebo01.html"
"165","Kevin Love",2009,2020,"/players/l/loveke01.html"
"166","Stan Love",1972,1975,"/players/l/lovest01.html"
"167","Clyde Lovellette*",1954,1964,"/players/l/lovelcl01.html"
"168","Sidney Lowe",1984,1990,"/players/l/lowesi01.html"
"169","Charlie Lowery",1972,1972,"/players/l/lowerch01.html"
"170","Kyle Lowry",2007,2020,"/players/l/lowryky01.html"
"171","Jordan Loyd",2019,2019,"/players/l/loydjo01.html"
"172","Al Lucas",1949,1949,"/players/l/lucasal01.html"
"173","Jerry Lucas*",1964,1974,"/players/l/lucasje01.html"
"174","John Lucas",1977,1990,"/players/l/lucasjo01.html"
"175","Kalin Lucas",2015,2019,"/players/l/lucaska01.html"
"176","Maurice Lucas",1975,1988,"/players/l/lucasma01.html"
"177","John Lucas III",2006,2017,"/players/l/lucasjo02.html"
"178","Ted Luckenbill",1962,1963,"/players/l/luckete01.html"
"179","Tyronn Lue",1999,2009,"/players/l/luety01.html"
"180","Jim Luisi",1954,1954,"/players/l/luisiji01.html"
"181","Al Lujack",1947,1947,"/players/l/lujacal01.html"
"182","Phil Lumpkin",1975,1976,"/players/l/lumpkph01.html"
"183","Ray Lumpp",1949,1953,"/players/l/lumppra01.html"
"184","Timothé Luwawu-Cabarrot",2017,2020,"/players/l/luwawti01.html"
"185","Tyler Lydon",2018,2019,"/players/l/lydonty01.html"
"186","Trey Lyles",2016,2020,"/players/l/lylestr01.html"
"187","R.B. Lynam",1968,1968,"/players/l/lynamrb01.html"
"188","George Lynch",1994,2005,"/players/l/lynchge01.html"
"189","Kevin Lynch",1992,1993,"/players/l/lynchke01.html"
"190","Lonnie Lynn",1970,1970,"/players/l/lynnlo01.html"
"191","Mike Lynn",1970,1971,"/players/l/lynnmi01.html"
