"","Player","From","To","plyrprofs"
"1","Sheldon Mac",2017,2017,"/players/m/mcclesh01.html"
"2","Todd MacCulloch",2000,2003,"/players/m/maccuto01.html"
"3","Ronnie MacGilvray",1955,1955,"/players/m/macgiro01.html"
"4","Don MacLean",1993,2001,"/players/m/macledo01.html"
"5","Mike Macaluso",1974,1974,"/players/m/macalmi01.html"
"6","Ed Macauley*",1950,1959,"/players/m/macaued01.html"
"7","Scott Machado",2013,2019,"/players/m/machasc01.html"
"8","Arvydas Macijauskas",2006,2006,"/players/m/macijar01.html"
"9","Ollie Mack",1980,1982,"/players/m/mackol01.html"
"10","Sam Mack",1993,2002,"/players/m/macksa01.html"
"11","Shelvin Mack",2012,2019,"/players/m/macksh01.html"
"12","Malcolm Mackey",1994,1994,"/players/m/mackema01.html"
"13","Rudy Macklin",1982,1984,"/players/m/macklru01.html"
"14","Vernon Macklin",2012,2012,"/players/m/macklve01.html"
"15","Johnny Macknowski",1950,1951,"/players/m/macknjo01.html"
"16","Daryl Macon",2019,2020,"/players/m/maconda01.html"
"17","Mark Macon",1992,1999,"/players/m/maconma01.html"
"18","J.P. Macura",2019,2020,"/players/m/macurjp01.html"
"19","Kyle Macy",1981,1987,"/players/m/macyky01.html"
"20","Jack Maddox",1949,1949,"/players/m/maddoja01.html"
"21","Tito Maddox",2003,2003,"/players/m/maddoti01.html"
"22","Gerald Madkins",1994,1998,"/players/m/madkige01.html"
"23","Mark Madsen",2001,2009,"/players/m/madsema01.html"
"24","Norm Mager",1951,1951,"/players/m/magerno01.html"
"25","Josh Magette",2018,2020,"/players/m/magetjo01.html"
"26","Corey Maggette",2000,2013,"/players/m/maggeco01.html"
"27","Dave Magley",1983,1983,"/players/m/magleda01.html"
"28","Jamaal Magloire",2001,2012,"/players/m/magloja01.html"
"29","Randolph Mahaffey",1968,1971,"/players/m/mahafra01.html"
"30","Ian Mahinmi",2008,2020,"/players/m/mahinia01.html"
"31","John Mahnken",1947,1953,"/players/m/mahnkjo01.html"
"32","Brian Mahoney",1973,1973,"/players/m/mahonbr01.html"
"33","Mo Mahoney",1953,1954,"/players/m/mahonmo01.html"
"34","Rick Mahorn",1981,1999,"/players/m/mahorri01.html"
"35","Dan Majerle",1989,2002,"/players/m/majerda01.html"
"36","Renaldo Major",2007,2007,"/players/m/majorre01.html"
"37","Thon Maker",2017,2020,"/players/m/makerth01.html"
"38","Lionel Malamed",1949,1949,"/players/m/malamli01.html"
"39","Jeff Malone",1984,1996,"/players/m/malonje01.html"
"40","Karl Malone*",1986,2004,"/players/m/malonka01.html"
"41","Moses Malone*",1975,1995,"/players/m/malonmo01.html"
"42","Matt Maloney",1997,2003,"/players/m/malonma01.html"
"43","Steve Malovic",1980,1980,"/players/m/malovst01.html"
"44","Mike Maloy",1971,1973,"/players/m/maloymi01.html"
"45","Ted Manakas",1974,1974,"/players/m/manakte01.html"
"46","John Mandic",1949,1950,"/players/m/mandijo01.html"
"47","Frank Mangiapane",1947,1947,"/players/m/mangifr01.html"
"48","Terance Mann",2020,2020,"/players/m/mannte01.html"
"49","Danny Manning",1989,2003,"/players/m/mannida01.html"
"50","Ed Manning",1968,1976,"/players/m/mannied01.html"
"51","Guy Manning",1968,1969,"/players/m/mannigu01.html"
"52","Rich Manning",1996,1997,"/players/m/manniri01.html"
"53","Pace Mannion",1984,1989,"/players/m/mannipa01.html"
"54","Nick Mantis",1960,1963,"/players/m/mantini01.html"
"55","Pete Maravich*",1971,1980,"/players/m/maravpe01.html"
"56","Press Maravich",1947,1947,"/players/m/maravpr01.html"
"57","Devyn Marble",2015,2016,"/players/m/marblde01.html"
"58","Roy Marble",1990,1994,"/players/m/marblro01.html"
"59","Stephon Marbury",1997,2009,"/players/m/marbust01.html"
"60","Šarunas Marciulionis*",1990,1997,"/players/m/marcisa01.html"
"61","Saul Mariaschin",1948,1948,"/players/m/mariasa01.html"
"62","Jack Marin",1967,1977,"/players/m/marinja01.html"
"63","Shawn Marion",2000,2015,"/players/m/mariosh01.html"
"64","Boban Marjanovic",2016,2020,"/players/m/marjabo01.html"
"65","Lauri Markkanen",2018,2020,"/players/m/markkla01.html"
"66","Damir Markota",2007,2007,"/players/m/markoda01.html"
"67","Sean Marks",1999,2011,"/players/m/marksse01.html"
"68","Harvey Marlatt",1971,1973,"/players/m/marlaha01.html"
"69","Jim Marsh",1972,1972,"/players/m/marshji01.html"
"70","Ricky Marsh",1978,1978,"/players/m/marshri01.html"
"71","Donny Marshall",1996,2003,"/players/m/marshdo02.html"
"72","Donyell Marshall",1995,2009,"/players/m/marshdo01.html"
"73","Kendall Marshall",2013,2016,"/players/m/marshke01.html"
"74","Rawle Marshall",2006,2007,"/players/m/marshra01.html"
"75","Tom Marshall",1955,1959,"/players/m/marshto01.html"
"76","Vester Marshall",1974,1974,"/players/m/marshve01.html"
"77","Bill Martin",1986,1988,"/players/m/martibi01.html"
"78","Bob Martin",1994,1995,"/players/m/martibo01.html"
"79","Brian Martin",1986,1986,"/players/m/martibr01.html"
"80","Caleb Martin",2020,2020,"/players/m/martica02.html"
"81","Cartier Martin",2009,2015,"/players/m/martica01.html"
"82","Cody Martin",2020,2020,"/players/m/martico01.html"
"83","Cuonzo Martin",1996,1997,"/players/m/marticu01.html"
"84","Darrick Martin",1995,2008,"/players/m/martida01.html"
"85","Dino Martin",1947,1948,"/players/m/martidi01.html"
"86","Don Martin",1947,1949,"/players/m/martido01.html"
"87","Fernando Martín",1987,1987,"/players/m/martife01.html"
"88","Jarell Martin",2016,2019,"/players/m/martija01.html"
"89","Jeff Martin",1990,1991,"/players/m/martije01.html"
"90","Jeremiah Martin",2020,2020,"/players/m/martije02.html"
"91","Kelan Martin",2020,2020,"/players/m/martike03.html"
"92","Kenyon Martin",2001,2015,"/players/m/martike01.html"
"93","Kevin Martin",2005,2016,"/players/m/martike02.html"
"94","LaRue Martin",1973,1976,"/players/m/martila01.html"
"95","Maurice Martin",1987,1988,"/players/m/martima01.html"
"96","Phil Martin",1955,1955,"/players/m/martiph01.html"
"97","Slater Martin*",1950,1960,"/players/m/martisl01.html"
"98","Whitey Martin",1962,1962,"/players/m/martiwh01.html"
"99","Jamal Mashburn",1994,2004,"/players/m/mashbja01.html"
"100","Al Masino",1953,1954,"/players/m/masinal01.html"
"101","Anthony Mason",1990,2003,"/players/m/masonan01.html"
"102","Desmond Mason",2001,2010,"/players/m/masonde01.html"
"103","Frank Mason",2018,2020,"/players/m/masonfr01.html"
"104","Roger Mason",2003,2014,"/players/m/masonro01.html"
"105","Tony Massenburg",1991,2005,"/players/m/masseto01.html"
"106","Eddie Mast",1971,1973,"/players/m/masted01.html"
"107","Yante Maten",2019,2019,"/players/m/matenya01.html"
"108","Garrison Mathews",2020,2020,"/players/m/mathega01.html"
"109","Mangok Mathiang",2018,2018,"/players/m/mathima01.html"
"110","Johnny Mathis",1968,1968,"/players/m/mathijo01.html"
"111","Wes Matthews",1981,1990,"/players/m/matthwe01.html"
"112","Wesley Matthews",2010,2020,"/players/m/matthwe02.html"
"113","Ariel Maughan",1947,1951,"/players/m/maughar01.html"
"114","Marlon Maxey",1993,1994,"/players/m/maxeyma01.html"
"115","Jason Maxiell",2006,2015,"/players/m/maxieja01.html"
"116","Cedric Maxwell",1978,1988,"/players/m/maxwece01.html"
"117","Vernon Maxwell",1989,2001,"/players/m/maxweve01.html"
"118","Don May",1969,1975,"/players/m/maydo01.html"
"119","Scott May",1977,1983,"/players/m/maysc01.html"
"120","Sean May",2006,2010,"/players/m/mayse01.html"
"121","Lee Mayberry",1993,1999,"/players/m/maybele01.html"
"122","Clyde Mayes",1976,1977,"/players/m/mayescl01.html"
"123","Tharon Mayes",1992,1992,"/players/m/mayesth01.html"
"124","Bill Mayfield",1981,1981,"/players/m/mayfibi01.html"
"125","Ken Mayfield",1976,1976,"/players/m/mayfike01.html"
"126","Eric Maynor",2010,2014,"/players/m/maynoer01.html"
"127","O.J. Mayo",2009,2016,"/players/m/mayooj01.html"
"128","Travis Mays",1991,1993,"/players/m/maystr01.html"
"129","Matt Mazza",1950,1950,"/players/m/mazzama01.html"
"130","Luc Mbah a Moute",2009,2019,"/players/m/mbahalu01.html"
"131","Bob McAdoo*",1973,1986,"/players/m/mcadobo01.html"
"132","James Michael McAdoo",2015,2018,"/players/m/mcadoja01.html"
"133","Ken McBride",1955,1955,"/players/m/mcbrike01.html"
"134","Tahjere McCall",2019,2019,"/players/m/mccalta01.html"
"135","Ray McCallum",2014,2016,"/players/m/mccalra01.html"
"136","Bob McCann",1990,1998,"/players/m/mccanbo01.html"
"137","Brendan McCann",1958,1960,"/players/m/mccanbr01.html"
"138","Mel McCants",1990,1990,"/players/m/mccanme01.html"
"139","Rashad McCants",2006,2009,"/players/m/mccanra01.html"
"140","Mike McCarron",1947,1950,"/players/m/mccarmi01.html"
"141","Andre McCarter",1977,1981,"/players/m/mccaran01.html"
"142","Willie McCarter",1970,1972,"/players/m/mccarwi01.html"
"143","Johnny McCarthy",1957,1964,"/players/m/mccarjo01.html"
"144","Howie McCarty",1947,1947,"/players/m/mccarho01.html"
"145","Kelly McCarty",1999,1999,"/players/m/mccarke01.html"
"146","Walter McCarty",1997,2006,"/players/m/mccarwa01.html"
"147","Amal McCaskill",1997,2004,"/players/m/mccasam01.html"
"148","Patrick McCaw",2017,2020,"/players/m/mccawpa01.html"
"149","Dwayne McClain",1986,1986,"/players/m/mccladw01.html"
"150","Ted McClain",1972,1979,"/players/m/mcclate01.html"
"151","Dan McClintock",2001,2001,"/players/m/mcclida01.html"
"152","Jack McCloskey",1953,1953,"/players/m/mccloja01.html"
"153","George McCloud",1990,2002,"/players/m/mccloge01.html"
"154","CJ McCollum",2014,2020,"/players/m/mccolcj01.html"
"155","John McConathy",1952,1952,"/players/m/mcconjo01.html"
"156","Bucky McConnell",1953,1953,"/players/m/mcconbu01.html"
"157","T.J. McConnell",2016,2020,"/players/m/mccontj01.html"
"158","Keith McCord",1981,1981,"/players/m/mccorke01.html"
"159","Tim McCormick",1985,1992,"/players/m/mccorti01.html"
"160","Jelani McCoy",1999,2008,"/players/m/mccoyje01.html"
"161","Paul McCracken",1973,1977,"/players/m/mccrapa01.html"
"162","Chris McCray",2007,2007,"/players/m/mccrach01.html"
"163","Rodney McCray",1984,1993,"/players/m/mccraro01.html"
"164","Scooter McCray",1984,1987,"/players/m/mccrasc01.html"
"165","Erik McCree",2018,2018,"/players/m/mccreer01.html"
"166","Chris McCullough",2016,2018,"/players/m/mcculch01.html"
"167","John McCullough",1982,1982,"/players/m/mcculjo01.html"
"168","Clint McDaniel",1996,1996,"/players/m/mcdancl01.html"
"169","Xavier McDaniel",1986,1998,"/players/m/mcdanxa01.html"
"170","Jalen McDaniels",2020,2020,"/players/m/mcdanja01.html"
"171","Jim McDaniels",1972,1978,"/players/m/mcdanji01.html"
"172","K.J. McDaniels",2015,2017,"/players/m/mcdankj01.html"
"173","Doug McDermott",2015,2020,"/players/m/mcderdo01.html"
"174","Ben McDonald",1986,1989,"/players/m/mcdonbe01.html"
"175","Glenn McDonald",1975,1977,"/players/m/mcdongl01.html"
"176","Michael McDonald",1998,1998,"/players/m/mcdonmi01.html"
"177","Roderick McDonald",1971,1973,"/players/m/mcdonro01.html"
"178","Hank McDowell",1982,1987,"/players/m/mcdowha01.html"
"179","Antonio McDyess",1996,2011,"/players/m/mcdyean01.html"
"180","Jim McElroy",1976,1982,"/players/m/mcelrji01.html"
"181","Patrick McFarland",1974,1976,"/players/m/mcfarpa01.html"
"182","Ivan McFarlin",2007,2007,"/players/m/mcfariv01.html"
"183","Mel McGaha",1949,1949,"/players/m/mcgahme01.html"
"184","Mitch McGary",2015,2016,"/players/m/mcgarmi01.html"
"185","JaVale McGee",2009,2020,"/players/m/mcgeeja01.html"
"186","Mike McGee",1982,1990,"/players/m/mcgeemi01.html"
"187","Bill McGill",1963,1970,"/players/m/mcgilbi01.html"
"188","George McGinnis*",1972,1982,"/players/m/mcginge01.html"
"189","Jon McGlocklin",1966,1976,"/players/m/mcglojo01.html"
"190","Tracy McGrady*",1998,2012,"/players/m/mcgratr01.html"
"191","Gil McGregor",1972,1972,"/players/m/mcgregi01.html"
"192","Elton McGriff",1968,1969,"/players/m/mcgriel01.html"
"193","Rodney McGruder",2017,2020,"/players/m/mcgruro01.html"
"194","Alfred McGuire*",1952,1955,"/players/m/mcguial01.html"
"195","Allie McGuire",1974,1974,"/players/m/mcguial02.html"
"196","Dick McGuire*",1950,1960,"/players/m/mcguidi01.html"
"197","Dominic McGuire",2008,2013,"/players/m/mcguido01.html"
"198","Kevin McHale*",1981,1993,"/players/m/mchalke01.html"
"199","Maurice McHartley",1968,1970,"/players/m/mcharma01.html"
"200","Jim McIlvaine",1995,2001,"/players/m/mcilvji01.html"
"201","Jeff McInnis",1997,2008,"/players/m/mcinnje01.html"
"202","Kenny McIntosh",1972,1975,"/players/m/mcintke01.html"
"203","Bob McIntyre",1968,1970,"/players/m/mcintbo01.html"
"204","Jerry McKee",1970,1970,"/players/m/mckeeje01.html"
"205","Kevin McKenna",1982,1988,"/players/m/mckenke01.html"
"206","Forrest McKenzie",1987,1987,"/players/m/mckenfo01.html"
"207","Stan McKenzie",1968,1974,"/players/m/mckenst01.html"
"208","Derrick McKey",1988,2002,"/players/m/mckeyde01.html"
"209","Aaron McKie",1995,2007,"/players/m/mckieaa01.html"
"210","Billy McKinney",1979,1986,"/players/m/mckinbi01.html"
"211","Bones McKinney",1947,1952,"/players/m/mckinbo01.html"
"212","Carlton McKinney",1990,1992,"/players/m/mckinca01.html"
"213","Trey McKinney-Jones",2018,2018,"/players/m/mckintr01.html"
"214","Alfonzo McKinnie",2018,2020,"/players/m/mckinal01.html"
"215","Jordan McLaughlin",2020,2020,"/players/m/mclaujo01.html"
"216","Ben McLemore",2014,2020,"/players/m/mclembe01.html"
"217","McCoy McLemore",1965,1972,"/players/m/mclemmc01.html"
"218","George McLeod",1953,1953,"/players/m/mcleoge01.html"
"219","Keith McLeod",2004,2007,"/players/m/mcleoke01.html"
"220","Roshown McLeod",1999,2001,"/players/m/mcleoro01.html"
"221","Jack McMahon",1953,1960,"/players/m/mcmahja01.html"
"222","Nate McMillan",1987,1998,"/players/m/mcmilna01.html"
"223","Tom McMillen",1976,1986,"/players/m/mcmilto01.html"
"224","Jim McMillian",1971,1979,"/players/m/mcmilji01.html"
"225","Shellie McMillon",1959,1962,"/players/m/mcmilsh01.html"
"226","Mal McMullen",1950,1951,"/players/m/mcmulma01.html"
"227","Chet McNabb",1948,1948,"/players/m/mcnabch01.html"
"228","Mark McNamara",1983,1991,"/players/m/mcnamma01.html"
"229","Joe McNamee",1951,1952,"/players/m/mcnamjo01.html"
"230","Jerel McNeal",2015,2015,"/players/m/mcneaje01.html"
"231","Chris McNealy",1986,1988,"/players/m/mcneach01.html"
"232","Bob McNeill",1961,1962,"/players/m/mcneibo01.html"
"233","Larry McNeill",1974,1979,"/players/m/mcneila01.html"
"234","Carl McNulty",1955,1955,"/players/m/mcnulca01.html"
"235","Paul McPherson",2001,2001,"/players/m/mcphepa01.html"
"236","Roy McPipe",1975,1975,"/players/m/mcpipro01.html"
"237","Cozell McQueen",1987,1987,"/players/m/mcqueco01.html"
"238","Jordan McRae",2016,2020,"/players/m/mcraejo01.html"
"239","Thales McReynolds",1966,1966,"/players/m/mcreyth01.html"
"240","Josh McRoberts",2008,2018,"/players/m/mcrobjo01.html"
"241","Eric McWilliams",1973,1973,"/players/m/mcwiler01.html"
"242","George Mearns",1947,1948,"/players/m/mearnge01.html"
"243","Stanislav Medvedenko",2001,2007,"/players/m/medvest01.html"
"244","Darnell Mee",1994,1995,"/players/m/meeda01.html"
"245","Jodie Meeks",2010,2019,"/players/m/meeksjo01.html"
"246","Cliff Meely",1972,1976,"/players/m/meelycl01.html"
"247","Scott Meents",1990,1991,"/players/m/meentsc01.html"
"248","Dick Mehen",1950,1952,"/players/m/mehendi01.html"
"249","Monk Meineke",1953,1958,"/players/m/meinemo01.html"
"250","Carl Meinhold",1948,1949,"/players/m/meinhca01.html"
"251","Salah Mejri",2016,2019,"/players/m/mejrisa01.html"
"252","Gal Mekel",2014,2015,"/players/m/mekelga01.html"
"253","Bill Melchionni",1967,1976,"/players/m/melchbi01.html"
"254","Gary Melchionni",1974,1975,"/players/m/melchga01.html"
"255","Nicolò Melli",2020,2020,"/players/m/mellini01.html"
"256","Fab Melo",2013,2013,"/players/m/melofa01.html"
"257","De'Anthony Melton",2019,2020,"/players/m/meltode01.html"
"258","Ed Melvin",1947,1947,"/players/m/melvied01.html"
"259","Dean Meminger",1972,1977,"/players/m/meminde01.html"
"260","Chuck Mencel",1956,1957,"/players/m/mencech01.html"
"261","John Mengelt",1972,1981,"/players/m/mengejo01.html"
"262","Ken Menke",1950,1950,"/players/m/menkeke01.html"
"263","Pops Mensah-Bonsu",2007,2011,"/players/m/mensapo01.html"
"264","Dewitt Menyard",1968,1968,"/players/m/menyade01.html"
"265","Ron Mercer",1998,2005,"/players/m/mercero01.html"
"266","Joe Meriweather",1976,1985,"/players/m/meriwjo01.html"
"267","Porter Meriwether",1963,1963,"/players/m/meriwpo01.html"
"268","Tom Meschery",1962,1971,"/players/m/meschto01.html"
"269","Chimezie Metu",2019,2020,"/players/m/metuch01.html"
"270","Bill Meyer",1968,1968,"/players/m/meyerbi01.html"
"271","Loren Meyer",1996,1999,"/players/m/meyerlo01.html"
"272","Dave Meyers",1976,1980,"/players/m/meyerda01.html"
"273","Stan Miasek",1947,1953,"/players/m/miasest01.html"
"274","Larry Micheaux",1984,1985,"/players/m/michela01.html"
"275","Jordan Mickey",2016,2018,"/players/m/mickejo01.html"
"276","Khris Middleton",2013,2020,"/players/m/middlkh01.html"
"277","Red Mihalik",1947,1947,"/players/m/mihalre01.html"
"278","Chris Mihm",2001,2009,"/players/m/mihmch01.html"
"279","Eric Mika",2020,2020,"/players/m/mikaer01.html"
"280","Ed Mikan",1949,1954,"/players/m/mikaned01.html"
"281","George Mikan*",1949,1956,"/players/m/mikange01.html"
"282","Larry Mikan",1971,1971,"/players/m/mikanla01.html"
"283","Vern Mikkelsen*",1950,1959,"/players/m/mikkeve01.html"
"284","Al Miksis",1950,1950,"/players/m/miksial01.html"
"285","Aaron Miles",2006,2006,"/players/m/milesaa01.html"
"286","C.J. Miles",2006,2020,"/players/m/milescj01.html"
"287","Darius Miles",2001,2009,"/players/m/milesda01.html"
"288","Eddie Miles",1964,1972,"/players/m/milesed01.html"
"289","Marko Milic",1998,1999,"/players/m/milicma01.html"
"290","Darko Milicic",2004,2013,"/players/m/milicda01.html"
"291","Nat Militzok",1947,1947,"/players/m/militna01.html"
"292","Andre Miller",2000,2016,"/players/m/millean02.html"
"293","Anthony Miller",1995,2005,"/players/m/millean01.html"
"294","Bill Miller",1949,1949,"/players/m/millebi01.html"
"295","Bob Miller",1984,1984,"/players/m/millebo01.html"
"296","Brad Miller",1999,2012,"/players/m/millebr01.html"
"297","Darius Miller",2013,2019,"/players/m/milleda01.html"
"298","Dick Miller",1981,1981,"/players/m/milledi01.html"
"299","Eddie Miller",1953,1954,"/players/m/milleed01.html"
"300","Harry Miller",1947,1947,"/players/m/milleha01.html"
"301","Jay Miller",1968,1971,"/players/m/milleja01.html"
"302","Larry Miller",1969,1975,"/players/m/millela01.html"
"303","Malcolm Miller",2018,2020,"/players/m/millema01.html"
"304","Mike Miller",2001,2017,"/players/m/millemi01.html"
"305","Oliver Miller",1993,2004,"/players/m/milleol01.html"
"306","Quincy Miller",2013,2015,"/players/m/millequ01.html"
"307","Reggie Miller*",1988,2005,"/players/m/millere01.html"
"308","Walt Miller",1947,1947,"/players/m/millewa01.html"
"309","Chris Mills",1994,2003,"/players/m/millsch01.html"
"310","John Mills",1947,1947,"/players/m/millsjo01.html"
"311","Patty Mills",2010,2020,"/players/m/millspa02.html"
"312","Terry Mills",1991,2001,"/players/m/millste01.html"
"313","Elijah Millsap",2015,2017,"/players/m/millsel01.html"
"314","Paul Millsap",2007,2020,"/players/m/millspa01.html"
"315","Shake Milton",2019,2020,"/players/m/miltosh01.html"
"316","Harold Miner",1993,1996,"/players/m/minerha01.html"
"317","Yao Ming*",2003,2011,"/players/m/mingya01.html"
"318","Dirk Minniefield",1986,1988,"/players/m/minnidi01.html"
"319","Dave Minor",1952,1953,"/players/m/minorda01.html"
"320","Greg Minor",1995,1999,"/players/m/minorgr01.html"
"321","Mark Minor",1973,1973,"/players/m/minorma01.html"
"322","Nikola Mirotic",2015,2019,"/players/m/mirotni01.html"
"323","Wat Misaka",1948,1948,"/players/m/misakwa01.html"
"324","Jason Miskiri",2000,2000,"/players/m/miskija01.html"
"325","Donovan Mitchell",2018,2020,"/players/m/mitchdo01.html"
"326","Leland Mitchell",1968,1968,"/players/m/mitchle01.html"
"327","Mike Mitchell",1979,1988,"/players/m/mitchmi01.html"
"328","Murray Mitchell",1950,1950,"/players/m/mitchmu01.html"
"329","Sam Mitchell",1990,2002,"/players/m/mitchsa01.html"
"330","Todd Mitchell",1989,1989,"/players/m/mitchto01.html"
"331","Tony Mitchell",2014,2014,"/players/m/mitchto03.html"
"332","Tony Mitchell",2014,2014,"/players/m/mitchto02.html"
"333","Naz Mitrou-Long",2018,2020,"/players/m/mitrona01.html"
"334","Steve Mix",1970,1983,"/players/m/mixst01.html"
"335","Bill Mlkvy",1953,1953,"/players/m/mlkvybi01.html"
"336","Cuttino Mobley",1999,2009,"/players/m/moblecu01.html"
"337","Eric Mobley",1995,1997,"/players/m/mobleer01.html"
"338","Doug Moe",1968,1972,"/players/m/moedo01.html"
"339","Larry Moffett",1978,1978,"/players/m/moffela01.html"
"340","Leo Mogus",1947,1951,"/players/m/mogusle01.html"
"341","Nazr Mohammed",1999,2016,"/players/m/mohamna01.html"
"342","Jérôme Moïso",2001,2005,"/players/m/moisoje01.html"
"343","Paul Mokeski",1980,1991,"/players/m/mokespa01.html"
"344","Adam Mokoka",2020,2020,"/players/m/mokokad01.html"
"345","Jack Molinas",1954,1954,"/players/m/molinja01.html"
"346","Wayne Molis",1967,1968,"/players/m/moliswa01.html"
"347","Sidney Moncrief*",1980,1991,"/players/m/moncrsi01.html"
"348","Eric Money",1975,1980,"/players/m/moneyer01.html"
"349","Sergei Monia",2006,2006,"/players/m/moniase01.html"
"350","Malik Monk",2018,2020,"/players/m/monkma01.html"
"351","Earl Monroe*",1968,1980,"/players/m/monroea01.html"
"352","Greg Monroe",2011,2019,"/players/m/monrogr01.html"
"353","Rodney Monroe",1992,1992,"/players/m/monroro01.html"
"354","Luis Montero",2016,2018,"/players/m/montelu01.html"
"355","Howie Montgomery",1963,1963,"/players/m/montgho01.html"
"356","Eric Montross",1995,2002,"/players/m/montrer01.html"
"357","Jamario Moon",2008,2012,"/players/m/moonja01.html"
"358","Jim Mooney",1953,1953,"/players/m/mooneji01.html"
"359","Matt Mooney",2020,2020,"/players/m/moonema01.html"
"360","Andre Moore",1988,1988,"/players/m/moorean01.html"
"361","Ben Moore",2018,2018,"/players/m/moorebe01.html"
"362","E'Twaun Moore",2012,2020,"/players/m/mooreet01.html"
"363","Gene Moore",1969,1975,"/players/m/moorege01.html"
"364","Jackie Moore",1955,1957,"/players/m/mooreja01.html"
"365","Johnny Moore",1981,1990,"/players/m/moorejo01.html"
"366","Larry Moore",1968,1968,"/players/m/moorela01.html"
"367","Lowes Moore",1981,1983,"/players/m/moorelo01.html"
"368","Mikki Moore",1999,2012,"/players/m/mooremi01.html"
"369","Otto Moore",1969,1977,"/players/m/mooreot01.html"
"370","Richard Moore",1968,1968,"/players/m/mooreri01.html"
"371","Ron Moore",1988,1988,"/players/m/moorero01.html"
"372","Tracy Moore",1992,1997,"/players/m/mooretr01.html"
"373","Ja Morant",2020,2020,"/players/m/moranja01.html"
"374","Eric Moreland",2015,2019,"/players/m/moreler01.html"
"375","Jackie Moreland",1961,1970,"/players/m/morelja01.html"
"376","Guy Morgan",1983,1983,"/players/m/morgagu01.html"
"377","Juwan Morgan",2020,2020,"/players/m/morgaju01.html"
"378","Rex Morgan",1971,1972,"/players/m/morgare01.html"
"379","Elmore Morgenthaler",1947,1949,"/players/m/morgeel01.html"
"380","Darren Morningstar",1994,1994,"/players/m/mornida01.html"
"381","Chris Morris",1989,1999,"/players/m/morrich01.html"
"382","Darius Morris",2012,2015,"/players/m/morrida01.html"
"383","Isaiah Morris",1993,1993,"/players/m/morriis01.html"
"384","Jaylen Morris",2018,2019,"/players/m/morrija01.html"
"385","Marcus Morris",2012,2020,"/players/m/morrima03.html"
"386","Markieff Morris",2012,2020,"/players/m/morrima02.html"
"387","Max Morris",1950,1950,"/players/m/morrima01.html"
"388","Monte Morris",2018,2020,"/players/m/morrimo01.html"
"389","Randolph Morris",2007,2010,"/players/m/morrira01.html"
"390","Terence Morris",2002,2006,"/players/m/morrite01.html"
"391","Adam Morrison",2007,2010,"/players/m/morriad01.html"
"392","John Morrison",1968,1968,"/players/m/morrijo01.html"
"393","Mike Morrison",1990,1990,"/players/m/morrimi01.html"
"394","Red Morrison",1955,1958,"/players/m/morrire01.html"
"395","Anthony Morrow",2009,2017,"/players/m/morroan01.html"
"396","Dwayne Morton",1995,1995,"/players/m/mortodw01.html"
"397","John Morton",1990,1992,"/players/m/mortojo01.html"
"398","Richard Morton",1989,1989,"/players/m/mortori01.html"
"399","Glenn Mosley",1978,1979,"/players/m/moslegl01.html"
"400","Perry Moss",1986,1987,"/players/m/mosspe01.html"
"401","Lawrence Moten",1996,1998,"/players/m/motenla01.html"
"402","Donatas Motiejunas",2013,2019,"/players/m/motiedo01.html"
"403","Johnathan Motley",2018,2020,"/players/m/motlejo01.html"
"404","Hanno Möttölä",2001,2002,"/players/m/mottoha01.html"
"405","Arnett Moultrie",2013,2014,"/players/m/moultar01.html"
"406","Rick Mount",1971,1975,"/players/m/mountri01.html"
"407","Alonzo Mourning*",1993,2008,"/players/m/mournal01.html"
"408","Timofey Mozgov",2011,2018,"/players/m/mozgoti01.html"
"409","Chuck Mrazovich",1951,1951,"/players/m/mrazoch01.html"
"410","Emmanuel Mudiay",2016,2020,"/players/m/mudiaem01.html"
"411","Erwin Mueller",1967,1974,"/players/m/mueller01.html"
"412","Shabazz Muhammad",2014,2018,"/players/m/muhamsh01.html"
"413","Mychal Mulder",2020,2020,"/players/m/muldemy01.html"
"414","Joe Mullaney",1950,1950,"/players/m/mullajo01.html"
"415","Bob Mullens",1947,1947,"/players/m/mullebo01.html"
"416","Byron Mullens",2010,2014,"/players/m/mulleby01.html"
"417","Chris Mullin*",1986,2001,"/players/m/mullich01.html"
"418","Jeff Mullins",1965,1976,"/players/m/mullije01.html"
"419","Todd Mundt",1996,1996,"/players/m/mundtto01.html"
"420","Xavier Munford",2016,2018,"/players/m/munfoxa02.html"
"421","Chris Munk",1991,1991,"/players/m/munkch01.html"
"422","George Munroe",1947,1948,"/players/m/munroge01.html"
"423","Eric Murdock",1992,2000,"/players/m/murdoer01.html"
"424","Gheorghe Mure<U+0219>an",1994,2000,"/players/m/muresgh01.html"
"425","Allen Murphy",1976,1977,"/players/m/murphal01.html"
"426","Calvin Murphy*",1971,1983,"/players/m/murphca01.html"
"427","Dick Murphy",1947,1947,"/players/m/murphdi01.html"
"428","Erik Murphy",2014,2014,"/players/m/murpher01.html"
"429","Jay Murphy",1985,1988,"/players/m/murphja01.html"
"430","John Murphy",1947,1947,"/players/m/murphjo01.html"
"431","Kevin Murphy",2013,2013,"/players/m/murphke01.html"
"432","Ronnie Murphy",1988,1988,"/players/m/murphro01.html"
"433","Tod Murphy",1988,1994,"/players/m/murphto01.html"
"434","Troy Murphy",2002,2013,"/players/m/murphtr01.html"
"435","Dejounte Murray",2017,2020,"/players/m/murrade01.html"
"436","Jamal Murray",2017,2020,"/players/m/murraja01.html"
"437","Ken Murray",1951,1955,"/players/m/murrake01.html"
"438","Lamond Murray",1995,2006,"/players/m/murrala01.html"
"439","Ronald Murray",2003,2010,"/players/m/murraro01.html"
"440","Tracy Murray",1993,2004,"/players/m/murratr01.html"
"441","Willie Murrell",1968,1970,"/players/m/murrewi01.html"
"442","Dorie Murrey",1967,1972,"/players/m/murredo01.html"
"443","Toure' Murry",2014,2015,"/players/m/murryto01.html"
"444","Džanan Musa",2019,2020,"/players/m/musadz01.html"
"445","Mike Muscala",2014,2020,"/players/m/muscami01.html"
"446","Angelo Musi",1947,1949,"/players/m/musian01.html"
"447","Jerrod Mustaf",1991,1994,"/players/m/mustaje01.html"
"448","Dikembe Mutombo*",1992,2009,"/players/m/mutomdi01.html"
"449","Martin Müürsepp",1997,1998,"/players/m/muursma01.html"
"450","Pete Myers",1987,1998,"/players/m/myerspe01.html"
"451","Sviatoslav Mykhailiuk",2019,2020,"/players/m/mykhasv01.html"
