"","Player","From","To","plyrprofs"
"1","Joe Pace",1977,1978,"/players/p/pacejo01.html"
"2","Zaza Pachulia",2004,2019,"/players/p/pachuza01.html"
"3","Robert Pack",1992,2004,"/players/p/packro01.html"
"4","Wayne Pack",1975,1975,"/players/p/packwa01.html"
"5","Gerald Paddio",1991,1994,"/players/p/paddige01.html"
"6","Scott Padgett",2000,2007,"/players/p/padgesc01.html"
"7","Dana Pagett",1972,1972,"/players/p/pagetda01.html"
"8","Marcus Paige",2018,2018,"/players/p/paigema01.html"
"9","Fred Paine",1949,1949,"/players/p/painefr01.html"
"10","Milt Palacio",2000,2006,"/players/p/palacmi01.html"
"11","Togo Palazzi",1955,1960,"/players/p/palazto01.html"
"12","Bud Palmer",1947,1949,"/players/p/palmebu01.html"
"13","Errol Palmer",1968,1968,"/players/p/palmeer01.html"
"14","Jim Palmer",1959,1961,"/players/p/palmeji01.html"
"15","Walter Palmer",1991,1993,"/players/p/palmewa01.html"
"16","Andy Panko",2001,2001,"/players/p/pankoan01.html"
"17","Georgios Papagiannis",2017,2018,"/players/p/papagge01.html"
"18","Kostas Papanikolaou",2015,2016,"/players/p/papanko01.html"
"19","Jannero Pargo",2003,2015,"/players/p/pargoja01.html"
"20","Jeremy Pargo",2012,2020,"/players/p/pargoje01.html"
"21","Easy Parham",1949,1951,"/players/p/parhaea01.html"
"22","Robert Parish*",1977,1997,"/players/p/parisro01.html"
"23","Med Park",1956,1960,"/players/p/parkme01.html"
"24","Anthony Parker",1998,2012,"/players/p/parkean01.html"
"25","Jabari Parker",2015,2020,"/players/p/parkeja01.html"
"26","Smush Parker",2003,2008,"/players/p/parkesm01.html"
"27","Sonny Parker",1977,1982,"/players/p/parkeso01.html"
"28","Tony Parker",2002,2019,"/players/p/parketo01.html"
"29","Barry Parkhill",1974,1976,"/players/p/parkhba01.html"
"30","Jack Parkinson",1950,1950,"/players/p/parkija01.html"
"31","Charles Parks",1969,1969,"/players/p/parksch01.html"
"32","Cherokee Parks",1996,2004,"/players/p/parksch02.html"
"33","Richard Parks",1968,1968,"/players/p/parksri01.html"
"34","Jack Parr",1959,1959,"/players/p/parrja01.html"
"35","Doyle Parrack",1947,1947,"/players/p/parrado01.html"
"36","Charlie Parsley",1950,1950,"/players/p/parslch01.html"
"37","Chandler Parsons",2012,2020,"/players/p/parsoch01.html"
"38","Eric Paschall",2020,2020,"/players/p/pascher01.html"
"39","Anžejs Pasecniks",2020,2020,"/players/p/pasecan01.html"
"40","Žarko Paspalj",1990,1990,"/players/p/paspaza01.html"
"41","Marty Passaglia",1947,1949,"/players/p/passama01.html"
"42","George Pastushok",1947,1947,"/players/p/pastuge01.html"
"43","Myles Patrick",1981,1981,"/players/p/patrimy01.html"
"44","Stan Patrick",1950,1950,"/players/p/patrist01.html"
"45","Andrae Patterson",1999,2000,"/players/p/pattean01.html"
"46","George Patterson",1968,1968,"/players/p/pattege01.html"
"47","Lamar Patterson",2016,2017,"/players/p/pattela01.html"
"48","Patrick Patterson",2011,2020,"/players/p/pattepa01.html"
"49","Ruben Patterson",1999,2008,"/players/p/patteru01.html"
"50","Steve Patterson",1972,1976,"/players/p/pattest01.html"
"51","Tom Patterson",1973,1974,"/players/p/patteto01.html"
"52","Worthy Patterson",1958,1958,"/players/p/pattewo01.html"
"53","Justin Patton",2018,2020,"/players/p/pattoju01.html"
"54","Brandon Paul",2018,2018,"/players/p/paulbr01.html"
"55","Chris Paul",2006,2020,"/players/p/paulch01.html"
"56","Charlie Paulk",1969,1972,"/players/p/paulkch01.html"
"57","Jerry Paulson",1958,1958,"/players/p/paulsje01.html"
"58","Billy Paultz",1971,1985,"/players/p/paultbi01.html"
"59","Sasha Pavlovic",2004,2013,"/players/p/pavloal01.html"
"60","Jim Paxson",1957,1958,"/players/p/paxsoji01.html"
"61","Jim Paxson",1980,1990,"/players/p/paxsoji02.html"
"62","John Paxson",1984,1994,"/players/p/paxsojo01.html"
"63","Johnny Payak",1950,1953,"/players/p/payakjo01.html"
"64","Adreian Payne",2015,2018,"/players/p/paynead01.html"
"65","Cameron Payne",2016,2019,"/players/p/payneca01.html"
"66","Kenny Payne",1990,1993,"/players/p/payneke01.html"
"67","Tom Payne",1972,1972,"/players/p/payneto01.html"
"68","Elfrid Payton",2015,2020,"/players/p/paytoel01.html"
"69","Gary Payton*",1991,2007,"/players/p/paytoga01.html"
"70","Gary Payton",2017,2020,"/players/p/paytoga02.html"
"71","Mel Payton",1952,1953,"/players/p/paytome01.html"
"72","George Pearcy",1947,1947,"/players/p/pearcge01.html"
"73","Henry Pearcy",1947,1947,"/players/p/pearche01.html"
"74","Oleksiy Pecherov",2008,2010,"/players/p/pecheol01.html"
"75","Wiley Peck",1980,1980,"/players/p/peckwi01.html"
"76","Rich Peek",1968,1968,"/players/p/peekri01.html"
"77","Anthony Peeler",1993,2005,"/players/p/peelean01.html"
"78","George Peeples",1968,1973,"/players/p/peeplge01.html"
"79","Nikola Pekovic",2011,2016,"/players/p/pekovni01.html"
"80","Jake Pelkington",1949,1949,"/players/p/pelkija01.html"
"81","Norvel Pelle",2020,2020,"/players/p/pelleno01.html"
"82","Sam Pellom",1980,1983,"/players/p/pellosa01.html"
"83","Mike Penberthy",2001,2002,"/players/p/penbemi01.html"
"84","Jerry Pender",1974,1974,"/players/p/pendeje01.html"
"85","Desmond Penigar",2004,2004,"/players/p/penigde01.html"
"86","Kirk Penney",2004,2005,"/players/p/penneki01.html"
"87","Mike Peplowski",1994,1996,"/players/p/peplomi01.html"
"88","Will Perdue",1989,2001,"/players/p/perduwi01.html"
"89","Kendrick Perkins",2004,2018,"/players/p/perkike01.html"
"90","Sam Perkins",1985,2001,"/players/p/perkisa01.html"
"91","Warren Perkins",1950,1951,"/players/p/perkiwa01.html"
"92","Kosta Perovic",2008,2008,"/players/p/perovko01.html"
"93","London Perrantes",2018,2018,"/players/p/perralo01.html"
"94","Aulcie Perry",1975,1975,"/players/p/perryau01.html"
"95","Curtis Perry",1971,1978,"/players/p/perrycu01.html"
"96","Elliot Perry",1992,2002,"/players/p/perryel01.html"
"97","Ron Perry",1968,1970,"/players/p/perryro01.html"
"98","Tim Perry",1989,1996,"/players/p/perryti01.html"
"99","Chuck Person",1987,2000,"/players/p/persoch01.html"
"100","Wesley Person",1995,2005,"/players/p/persowe01.html"
"101","Alec Peters",2018,2018,"/players/p/peteral01.html"
"102","Jim Petersen",1985,1992,"/players/p/peterji01.html"
"103","Loy Petersen",1969,1970,"/players/p/peterlo01.html"
"104","Bob Peterson",1954,1956,"/players/p/peterbo01.html"
"105","Ed Peterson",1950,1951,"/players/p/petered01.html"
"106","Mel Peterson",1964,1970,"/players/p/peterme01.html"
"107","Morris Peterson",2001,2011,"/players/p/petermo01.html"
"108","Geoff Petrie",1971,1976,"/players/p/petrige01.html"
"109","Johan Petro",2006,2013,"/players/p/petrojo01.html"
"110","Dražen Petrovic*",1990,1993,"/players/p/petrodr01.html"
"111","Richard Petruška",1994,1994,"/players/p/petruri01.html"
"112","Bob Pettit*",1955,1965,"/players/p/pettibo01.html"
"113","Jerry Pettway",1968,1969,"/players/p/pettwje01.html"
"114","Roger Phegley",1979,1984,"/players/p/pheglro01.html"
"115","Jack Phelan",1950,1950,"/players/p/phelaja01.html"
"116","James Phelan",1954,1954,"/players/p/phelaja02.html"
"117","Derrick Phelps",1995,1995,"/players/p/phelpde01.html"
"118","Michael Phelps",1986,1988,"/players/p/phelpmi01.html"
"119","Andy Phillip*",1948,1958,"/players/p/phillan01.html"
"120","Eddie Phillips",1983,1983,"/players/p/philled01.html"
"121","Gary Phillips",1962,1966,"/players/p/phillga01.html"
"122","Gene Phillips",1972,1973,"/players/p/phillge01.html"
"123","Bobby Phills",1992,2000,"/players/p/phillbo01.html"
"124","Eric Piatkowski",1995,2008,"/players/p/piatker01.html"
"125","Walter Piatkowski",1969,1972,"/players/p/piatkwa01.html"
"126","Paul Pierce",1999,2017,"/players/p/piercpa01.html"
"127","Ricky Pierce",1983,1998,"/players/p/piercri01.html"
"128","Stan Pietkiewicz",1979,1981,"/players/p/pietkst01.html"
"129","Mickaël Piétrus",2004,2013,"/players/p/pietrmi01.html"
"130","John Pilch",1952,1952,"/players/p/pilchjo01.html"
"131","Ed Pinckney",1986,1997,"/players/p/pincked01.html"
"132","Kevinn Pinkney",2007,2007,"/players/p/pinknke01.html"
"133","John Pinone",1984,1984,"/players/p/pinonjo01.html"
"134","Theo Pinson",2019,2020,"/players/p/pinsoth01.html"
"135","Dave Piontek",1957,1963,"/players/p/piontda01.html"
"136","Tom Piotrowski",1984,1984,"/players/p/piotrto01.html"
"137","Scottie Pippen*",1988,2004,"/players/p/pippesc01.html"
"138","Charles Pittman",1983,1986,"/players/p/pittmch01.html"
"139","Dexter Pittman",2011,2014,"/players/p/pittmde01.html"
"140","Zoran Planinic",2004,2006,"/players/p/planizo01.html"
"141","Tibor Pleiß",2016,2016,"/players/p/pleisti01.html"
"142","Marshall Plumlee",2017,2018,"/players/p/plumlma02.html"
"143","Mason Plumlee",2014,2020,"/players/p/plumlma01.html"
"144","Miles Plumlee",2013,2019,"/players/p/plumlmi01.html"
"145","Gary Plummer",1985,1993,"/players/p/plummga01.html"
"146","Pavel Podkolzin",2005,2006,"/players/p/podkopa01.html"
"147","Jakob Poeltl",2017,2020,"/players/p/poeltja01.html"
"148","Vincent Poirier",2020,2020,"/players/p/poirivi01.html"
"149","Dwayne Polee",1987,1987,"/players/p/poleedw01.html"
"150","Jim Pollard*",1949,1955,"/players/p/pollaji01.html"
"151","Scot Pollard",1998,2008,"/players/p/pollasc01.html"
"152","Ralph Polson",1953,1953,"/players/p/polsora01.html"
"153","Olden Polynice",1988,2004,"/players/p/polynol01.html"
"154","Cliff Pondexter",1976,1978,"/players/p/pondecl01.html"
"155","Quincy Pondexter",2011,2019,"/players/p/pondequ01.html"
"156","Shamorie Ponds",2020,2020,"/players/p/pondssh01.html"
"157","Jordan Poole",2020,2020,"/players/p/poolejo01.html"
"158","David Pope",1985,1986,"/players/p/popeda01.html"
"159","Mark Pope",1998,2005,"/players/p/popema01.html"
"160","Dave Popson",1989,1992,"/players/p/popsoda01.html"
"161","Ben Poquette",1978,1987,"/players/p/poquebe01.html"
"162","Chris Porter",2001,2001,"/players/p/portech01.html"
"163","Howard Porter",1972,1978,"/players/p/porteho01.html"
"164","Kevin Porter",1973,1983,"/players/p/porteke01.html"
"165","Kevin Porter",2020,2020,"/players/p/porteke02.html"
"166","Michael Porter",2020,2020,"/players/p/portemi01.html"
"167","Otto Porter",2014,2020,"/players/p/porteot01.html"
"168","Terry Porter",1986,2002,"/players/p/portete01.html"
"169","Willie Porter",1968,1969,"/players/p/portewi01.html"
"170","Bobby Portis",2016,2020,"/players/p/portibo01.html"
"171","Bob Portman",1970,1973,"/players/p/portmbo01.html"
"172","Kristaps Porzingis",2016,2020,"/players/p/porzikr01.html"
"173","James Posey",2000,2011,"/players/p/poseyja01.html"
"174","Lavor Postell",2001,2003,"/players/p/postela01.html"
"175","John Postley",1968,1968,"/players/p/postljo01.html"
"176","Vitaly Potapenko",1997,2007,"/players/p/potapvi01.html"
"177","Leon Powe",2007,2011,"/players/p/powele01.html"
"178","Cincinnatus Powell",1968,1975,"/players/p/powelci01.html"
"179","Dwight Powell",2015,2020,"/players/p/poweldw01.html"
"180","Josh Powell",2006,2014,"/players/p/poweljo01.html"
"181","Kasib Powell",2008,2008,"/players/p/powelka01.html"
"182","Norman Powell",2016,2020,"/players/p/powelno01.html"
"183","Roger Powell",2007,2007,"/players/p/powelro01.html"
"184","Alex Poythress",2017,2019,"/players/p/poythal01.html"
"185","Marlbert Pradd",1968,1969,"/players/p/praddma01.html"
"186","Mike Pratt",1971,1972,"/players/p/prattmi01.html"
"187","Paul Pressey",1983,1993,"/players/p/presspa01.html"
"188","Phil Pressey",2014,2016,"/players/p/pressph01.html"
"189","Dominic Pressley",1989,1989,"/players/p/pressdo01.html"
"190","Harold Pressley",1987,1990,"/players/p/pressha01.html"
"191","Stephen Previs",1973,1973,"/players/p/previst01.html"
"192","A.J. Price",2010,2015,"/players/p/priceaj01.html"
"193","Brent Price",1993,2002,"/players/p/pricebr01.html"
"194","Jim Price",1973,1979,"/players/p/priceji01.html"
"195","Mark Price",1987,1998,"/players/p/pricema01.html"
"196","Mike Price",1971,1973,"/players/p/pricemi01.html"
"197","Ronnie Price",2006,2017,"/players/p/pricero01.html"
"198","Tony Price",1981,1981,"/players/p/priceto01.html"
"199","Bob Priddy",1953,1953,"/players/p/priddbo01.html"
"200","Pablo Prigioni",2013,2016,"/players/p/prigipa01.html"
"201","Tayshaun Prince",2003,2016,"/players/p/princta01.html"
"202","John Pritchard",1950,1950,"/players/p/pritcjo01.html"
"203","Kevin Pritchard",1991,1996,"/players/p/pritcke01.html"
"204","Laron Profit",2000,2006,"/players/p/profila01.html"
"205","Gabe Pruitt",2008,2009,"/players/p/pruitga01.html"
"206","Joel Przybilla",2001,2013,"/players/p/przybjo01.html"
"207","Les Pugh",1949,1950,"/players/p/pughle01.html"
"208","Roy Pugh",1949,1949,"/players/p/pughro01.html"
"209","Anthony Pullard",1993,1993,"/players/p/pullaan01.html"
"210","Jacob Pullen",2018,2018,"/players/p/pulleja01.html"
"211","Rodney Purvis",2018,2018,"/players/p/purviro01.html"
"212","Don Putman",1947,1950,"/players/p/putnado01.html"
