"","Player","From","To","plyrprofs"
"1","Ivan Rabb",2018,2019,"/players/r/rabbiv01.html"
"2","Luther Rackley",1970,1974,"/players/r/rackllu01.html"
"3","Howie Rader",1949,1949,"/players/r/raderho01.html"
"4","Mark Radford",1982,1983,"/players/r/radfoma01.html"
"5","Wayne Radford",1979,1979,"/players/r/radfowa01.html"
"6","Dino Radja*",1994,1997,"/players/r/radjadi01.html"
"7","Vladimir Radmanovic",2002,2013,"/players/r/radmavl01.html"
"8","Aleksandar Radojevic",2000,2005,"/players/r/radojal01.html"
"9","Frank Radovich",1962,1962,"/players/r/radovfr01.html"
"10","Moe Radovich",1953,1953,"/players/r/radovmo01.html"
"11","Miroslav Raduljica",2014,2015,"/players/r/radulmi01.html"
"12","Ray Radziszewski",1958,1958,"/players/r/radzira01.html"
"13","Ray Ragelis",1952,1952,"/players/r/ragelra01.html"
"14","Sherwin Raiken",1953,1953,"/players/r/raikesh01.html"
"15","Ed Rains",1982,1983,"/players/r/rainsed01.html"
"16","Igor Rakocevic",2003,2003,"/players/r/rakocig01.html"
"17","Kurt Rambis",1982,1995,"/players/r/rambiku01.html"
"18","Peter John Ramos",2005,2005,"/players/r/ramospe01.html"
"19","Cal Ramsey",1960,1961,"/players/r/ramseca01.html"
"20","Frank Ramsey*",1955,1964,"/players/r/ramsefr01.html"
"21","Ray Ramsey",1949,1949,"/players/r/ramsera01.html"
"22","Mark Randall",1992,1995,"/players/r/randama01.html"
"23","Chasson Randle",2017,2020,"/players/r/randlch01.html"
"24","Julius Randle",2015,2020,"/players/r/randlju01.html"
"25","Anthony Randolph",2009,2014,"/players/r/randoan01.html"
"26","Shavlik Randolph",2006,2015,"/players/r/randosh01.html"
"27","Zach Randolph",2002,2018,"/players/r/randoza01.html"
"28","Wally Rank",1981,1981,"/players/r/rankwa01.html"
"29","Kelvin Ransey",1981,1986,"/players/r/ranseke01.html"
"30","Sam Ranzino",1952,1952,"/players/r/ranzisa01.html"
"31","Bobby Rascoe",1968,1970,"/players/r/rascobo01.html"
"32","Blair Rasmussen",1986,1993,"/players/r/rasmubl01.html"
"33","Xavier Rathan-Mayes",2018,2018,"/players/r/rathaxa01.html"
"34","George Ratkovicz",1950,1955,"/players/r/ratkoge01.html"
"35","Ed Ratleff",1974,1978,"/players/r/ratleed01.html"
"36","Mike Ratliff",1973,1974,"/players/r/ratlimi01.html"
"37","Theo Ratliff",1996,2011,"/players/r/ratlith01.html"
"38","Andy Rautins",2011,2011,"/players/r/rautian01.html"
"39","Leo Rautins",1984,1985,"/players/r/rautile01.html"
"40","Allan Ray",2007,2007,"/players/r/rayal01.html"
"41","Clifford Ray",1972,1981,"/players/r/raycl01.html"
"42","Don Ray",1950,1950,"/players/r/raydo01.html"
"43","James Ray",1981,1983,"/players/r/rayja01.html"
"44","Jim Ray",1957,1960,"/players/r/rayji01.html"
"45","Jimmy Rayl",1968,1969,"/players/r/raylji01.html"
"46","Craig Raymond",1969,1973,"/players/r/raymocr01.html"
"47","Connie Rea",1954,1954,"/players/r/reaco01.html"
"48","Joe Reaves",1974,1974,"/players/r/reavejo01.html"
"49","Josh Reaves",2020,2020,"/players/r/reavejo02.html"
"50","Željko Rebraca",2002,2006,"/players/r/rebraze01.html"
"51","Eldridge Recasner",1995,2002,"/players/r/recasel01.html"
"52","Michael Redd",2001,2012,"/players/r/reddmi01.html"
"53","Cam Reddish",2020,2020,"/players/r/reddica01.html"
"54","Frank Reddout",1954,1954,"/players/r/reddofr01.html"
"55","J.J. Redick",2007,2020,"/players/r/redicjj01.html"
"56","Marlon Redmond",1979,1980,"/players/r/redmoma01.html"
"57","Davon Reed",2018,2019,"/players/r/reedda01.html"
"58","Hub Reed",1959,1965,"/players/r/reedhu01.html"
"59","Justin Reed",2005,2007,"/players/r/reedju01.html"
"60","Ron Reed",1966,1967,"/players/r/reedro01.html"
"61","Willie Reed",2016,2018,"/players/r/reedwi02.html"
"62","Willis Reed*",1965,1974,"/players/r/reedwi01.html"
"63","Bryant Reeves",1996,2001,"/players/r/reevebr01.html"
"64","Khalid Reeves",1995,2000,"/players/r/reevekh01.html"
"65","Richie Regan",1956,1958,"/players/r/reganri01.html"
"66","Don Rehfeldt",1951,1952,"/players/r/rehfedo01.html"
"67","Billy Reid",1981,1981,"/players/r/reidbi01.html"
"68","Don Reid",1996,2003,"/players/r/reiddo01.html"
"69","J.R. Reid",1990,2001,"/players/r/reidjr01.html"
"70","Jim Reid",1968,1968,"/players/r/reidji01.html"
"71","Naz Reid",2020,2020,"/players/r/reidna01.html"
"72","Robert Reid",1978,1991,"/players/r/reidro01.html"
"73","Ryan Reid",2012,2012,"/players/r/reidry01.html"
"74","Jared Reiner",2005,2007,"/players/r/reineja01.html"
"75","Chick Reiser",1948,1950,"/players/r/reisech01.html"
"76","Richard Rellford",1988,1988,"/players/r/rellfri01.html"
"77","Terrence Rencher",1996,1996,"/players/r/renchte01.html"
"78","John Rennicke",1952,1952,"/players/r/rennijo01.html"
"79","Bob Rensberger",1947,1947,"/players/r/rensbro01.html"
"80","Efthimi Rentzias",2003,2003,"/players/r/rentzef01.html"
"81","Shawn Respert",1996,1999,"/players/r/respesh01.html"
"82","Kevin Restani",1975,1982,"/players/r/restake01.html"
"83","Cameron Reynolds",2019,2019,"/players/r/reynoca01.html"
"84","George Reynolds",1970,1970,"/players/r/reynoge01.html"
"85","Jerry Reynolds",1986,1996,"/players/r/reynoje01.html"
"86","Kendall Rhine",1968,1969,"/players/r/rhineke01.html"
"87","Gene Rhodes",1953,1953,"/players/r/rhodege01.html"
"88","Rodrick Rhodes",1998,2000,"/players/r/rhodero01.html"
"89","Glen Rice",1990,2004,"/players/r/ricegl01.html"
"90","Glen Rice",2014,2015,"/players/r/ricegl02.html"
"91","Chris Richard",2008,2010,"/players/r/richach01.html"
"92","Clint Richardson",1980,1987,"/players/r/richacl01.html"
"93","Jason Richardson",2002,2015,"/players/r/richaja01.html"
"94","Jeremy Richardson",2007,2009,"/players/r/richaje01.html"
"95","Josh Richardson",2016,2020,"/players/r/richajo01.html"
"96","Malachi Richardson",2017,2019,"/players/r/richama01.html"
"97","Micheal Ray Richardson",1979,1986,"/players/r/richami01.html"
"98","Norm Richardson",2002,2002,"/players/r/richano01.html"
"99","Pooh Richardson",1990,1999,"/players/r/richapo01.html"
"100","Quentin Richardson",2001,2013,"/players/r/richaqu01.html"
"101","Mitch Richmond*",1989,2002,"/players/r/richmmi01.html"
"102","John Richter",1960,1960,"/players/r/richtjo01.html"
"103","Dick Ricketts",1956,1958,"/players/r/rickedi01.html"
"104","Isaiah Rider",1994,2002,"/players/r/rideris01.html"
"105","Jackie Ridgle",1972,1972,"/players/r/ridglja01.html"
"106","Luke Ridnour",2004,2015,"/players/r/ridnolu01.html"
"107","Mel Riebe",1947,1949,"/players/r/riebeme01.html"
"108","Bob Riedy",1968,1968,"/players/r/riedybo01.html"
"109","Jim Riffey",1951,1951,"/players/r/riffeji01.html"
"110","Antoine Rigaudeau",2003,2003,"/players/r/rigauan01.html"
"111","Tom Riker",1973,1975,"/players/r/rikerto01.html"
"112","Bob Riley",1971,1971,"/players/r/rileybo01.html"
"113","Eric Riley",1994,1999,"/players/r/rileyer01.html"
"114","Pat Riley*",1968,1976,"/players/r/rileypa01.html"
"115","Ron Riley",1973,1976,"/players/r/rileyro01.html"
"116","Rich Rinaldi",1972,1974,"/players/r/rinalri01.html"
"117","Mike Riordan",1969,1977,"/players/r/riordmi01.html"
"118","Arnie Risen*",1949,1958,"/players/r/risenar01.html"
"119","Tex Ritter",1949,1951,"/players/r/rittete01.html"
"120","Ramón Rivas",1989,1989,"/players/r/rivasra01.html"
"121","Austin Rivers",2013,2020,"/players/r/riverau01.html"
"122","David Rivers",1989,1992,"/players/r/riverda01.html"
"123","Doc Rivers",1984,1996,"/players/r/riverdo01.html"
"124","Lee Robbins",1948,1949,"/players/r/robbile01.html"
"125","Red Robbins",1968,1975,"/players/r/robbire01.html"
"126","Andre Roberson",2014,2018,"/players/r/roberan03.html"
"127","Anthony Roberson",2006,2009,"/players/r/roberan02.html"
"128","Rick Roberson",1970,1976,"/players/r/roberri01.html"
"129","Terrance Roberson",2001,2001,"/players/r/roberte01.html"
"130","Anthony Roberts",1978,1984,"/players/r/roberan01.html"
"131","Bill Roberts",1949,1950,"/players/r/roberbi01.html"
"132","Brian Roberts",2013,2017,"/players/r/roberbr01.html"
"133","Fred Roberts",1984,1997,"/players/r/roberfr01.html"
"134","Joe Roberts",1961,1968,"/players/r/roberjo01.html"
"135","Lawrence Roberts",2006,2007,"/players/r/roberla01.html"
"136","Marv Roberts",1972,1977,"/players/r/roberma01.html"
"137","Stanley Roberts",1992,2000,"/players/r/roberst01.html"
"138","Alvin Robertson",1985,1996,"/players/r/roberal01.html"
"139","Oscar Robertson*",1961,1974,"/players/r/roberos01.html"
"140","Ryan Robertson",2000,2000,"/players/r/roberry01.html"
"141","Tony Robertson",1978,1979,"/players/r/roberto01.html"
"142","Rick Robey",1979,1986,"/players/r/robeyri01.html"
"143","Bernard Robinson",2005,2007,"/players/r/robinbe01.html"
"144","Chris Robinson",1997,1998,"/players/r/robinch01.html"
"145","Cliff Robinson",1980,1992,"/players/r/robincl01.html"
"146","Clifford Robinson",1990,2007,"/players/r/robincl02.html"
"147","David Robinson*",1990,2003,"/players/r/robinda01.html"
"148","Devin Robinson",2018,2019,"/players/r/robinde01.html"
"149","Duncan Robinson",2019,2020,"/players/r/robindu01.html"
"150","Eddie Robinson",2000,2004,"/players/r/robined01.html"
"151","Flynn Robinson",1967,1974,"/players/r/robinfl01.html"
"152","Glenn Robinson",1995,2005,"/players/r/robingl01.html"
"153","Glenn Robinson",2015,2020,"/players/r/robingl02.html"
"154","Jackie Robinson",1979,1982,"/players/r/robinja01.html"
"155","Jamal Robinson",2001,2001,"/players/r/robinja03.html"
"156","James Robinson",1994,2001,"/players/r/robinja02.html"
"157","Jerome Robinson",2019,2020,"/players/r/robinje01.html"
"158","Justin Robinson",2020,2020,"/players/r/robinju01.html"
"159","Larry Robinson",1991,2002,"/players/r/robinla01.html"
"160","Mitchell Robinson",2019,2020,"/players/r/robinmi01.html"
"161","Nate Robinson",2006,2016,"/players/r/robinna01.html"
"162","Oliver Robinson",1983,1983,"/players/r/robinol01.html"
"163","Ronnie Robinson",1974,1975,"/players/r/robinro01.html"
"164","Rumeal Robinson",1991,1997,"/players/r/robinru01.html"
"165","Samuel Robinson",1971,1972,"/players/r/robinsa01.html"
"166","Thomas Robinson",2013,2017,"/players/r/robinth01.html"
"167","Truck Robinson",1975,1985,"/players/r/robintr01.html"
"168","Wayne Robinson",1981,1981,"/players/r/robinwa01.html"
"169","Wilbert Robinson",1974,1974,"/players/r/robinwi01.html"
"170","Bill Robinzine",1976,1982,"/players/r/robinbi01.html"
"171","Dave Robisch",1972,1984,"/players/r/robisda01.html"
"172","Isaiah Roby",2020,2020,"/players/r/robyis01.html"
"173","Red Rocha",1948,1957,"/players/r/rochare01.html"
"174","John Roche",1972,1982,"/players/r/rochejo01.html"
"175","Gene Rock",1948,1948,"/players/r/rockge01.html"
"176","Jack Rocker",1948,1948,"/players/r/rockeja01.html"
"177","Guy Rodgers*",1959,1970,"/players/r/rodgegu01.html"
"178","Dennis Rodman*",1987,2000,"/players/r/rodmade01.html"
"179","Sergio Rodríguez",2007,2017,"/players/r/rodrise01.html"
"180","Lou Roe",1996,1997,"/players/r/roelo01.html"
"181","Carlos Rogers",1995,2002,"/players/r/rogerca01.html"
"182","Harry Rogers",1976,1976,"/players/r/rogerha01.html"
"183","Johnny Rogers",1987,1988,"/players/r/rogerjo01.html"
"184","Marshall Rogers",1977,1977,"/players/r/rogerma01.html"
"185","Rodney Rogers",1994,2005,"/players/r/rogerro01.html"
"186","Roy Rogers",1997,2000,"/players/r/rogerro02.html"
"187","Willie Rogers",1969,1969,"/players/r/rogerwi01.html"
"188","Al Roges",1954,1955,"/players/r/rogesal01.html"
"189","Ken Rohloff",1964,1964,"/players/r/rohloke01.html"
"190","Kenny Rollins",1949,1953,"/players/r/rollike01.html"
"191","Phil Rollins",1959,1961,"/players/r/rolliph01.html"
"192","Tree Rollins",1978,1995,"/players/r/rollitr01.html"
"193","Lorenzo Romar",1981,1985,"/players/r/romarlo01.html"
"194","Rajon Rondo",2007,2020,"/players/r/rondora01.html"
"195","Jerry Rook",1970,1970,"/players/r/rookje01.html"
"196","Sean Rooks",1993,2004,"/players/r/rooksse01.html"
"197","Derrick Rose",2009,2020,"/players/r/rosede01.html"
"198","Jalen Rose",1995,2007,"/players/r/roseja01.html"
"199","Malik Rose",1997,2009,"/players/r/rosema01.html"
"200","Rob Rose",1989,1989,"/players/r/rosero01.html"
"201","Petey Rosenberg",1947,1947,"/players/r/rosenpe01.html"
"202","Lennie Rosenbluth",1958,1959,"/players/r/rosenle01.html"
"203","Hank Rosenstein",1947,1947,"/players/r/rosenha01.html"
"204","Dick Rosenthal",1955,1957,"/players/r/rosendi01.html"
"205","Quinton Ross",2005,2011,"/players/r/rossqu01.html"
"206","Terrence Ross",2013,2020,"/players/r/rosste01.html"
"207","Doug Roth",1990,1990,"/players/r/rothdo01.html"
"208","Scott Roth",1988,1990,"/players/r/rothsc01.html"
"209","Irv Rothenberg",1947,1949,"/players/r/rotheir01.html"
"210","Mickey Rottner",1947,1948,"/players/r/rottnmi01.html"
"211","Dan Roundfield",1976,1987,"/players/r/roundda01.html"
"212","Giff Roux",1947,1949,"/players/r/rouxgi01.html"
"213","Ron Rowan",1987,1987,"/players/r/rowanro01.html"
"214","Curtis Rowe",1972,1979,"/players/r/rowecu01.html"
"215","Jim Rowinski",1989,1990,"/players/r/rowinji01.html"
"216","Derrick Rowland",1986,1986,"/players/r/rowlade01.html"
"217","Brian Rowsom",1988,1990,"/players/r/rowsobr01.html"
"218","Brandon Roy",2007,2013,"/players/r/roybr01.html"
"219","Donald Royal",1990,1998,"/players/r/royaldo01.html"
"220","Reggie Royals",1975,1975,"/players/r/royalre01.html"
"221","Bob Royer",1950,1950,"/players/r/royerbo01.html"
"222","Clifford Rozier",1995,1998,"/players/r/roziecl01.html"
"223","Terry Rozier",2016,2020,"/players/r/roziete01.html"
"224","Ricky Rubio",2012,2020,"/players/r/rubiori01.html"
"225","Guy Rucker",2003,2003,"/players/r/ruckegu01.html"
"226","Delaney Rudd",1990,1993,"/players/r/ruddde01.html"
"227","John Rudd",1979,1979,"/players/r/ruddjo01.html"
"228","Damjan Rudež",2015,2017,"/players/r/rudezda01.html"
"229","John Rudometkin",1963,1965,"/players/r/rudomjo01.html"
"230","Michael Ruffin",2000,2009,"/players/r/ruffimi01.html"
"231","Trevor Ruffin",1995,1996,"/players/r/ruffitr01.html"
"232","Paul Ruffner",1971,1976,"/players/r/ruffnpa01.html"
"233","Joe Ruklick",1960,1962,"/players/r/ruklijo01.html"
"234","Jeff Ruland",1982,1993,"/players/r/rulanje01.html"
"235","Bob Rule",1968,1975,"/players/r/rulebo01.html"
"236","Jerry Rullo",1947,1950,"/players/r/rulloje01.html"
"237","Stefano Rusconi",1996,1996,"/players/r/ruscost01.html"
"238","Brandon Rush",2009,2017,"/players/r/rushbr01.html"
"239","Kareem Rush",2003,2010,"/players/r/rushka01.html"
"240","Bill Russell*",1957,1969,"/players/r/russebi01.html"
"241","Bryon Russell",1994,2006,"/players/r/russebr01.html"
"242","Campy Russell",1975,1985,"/players/r/russeca02.html"
"243","Cazzie Russell",1967,1978,"/players/r/russeca01.html"
"244","D'Angelo Russell",2016,2020,"/players/r/russeda01.html"
"245","Frank Russell",1973,1973,"/players/r/russefr01.html"
"246","Pierre Russell",1972,1973,"/players/r/russepi01.html"
"247","Rubin Russell",1968,1968,"/players/r/russeru01.html"
"248","Walker Russell",1983,1988,"/players/r/russewa01.html"
"249","Walker Russell",2012,2012,"/players/r/russewa02.html"
