"","Player","From","To","plyrprofs"
"1","Arvydas Sabonis*",1996,2003,"/players/s/sabonar01.html"
"2","Domantas Sabonis",2017,2020,"/players/s/sabondo01.html"
"3","Robert Sacre",2013,2016,"/players/s/sacrero01.html"
"4","Ed Sadowski",1947,1950,"/players/s/sadowed01.html"
"5","Kenny Sailors",1947,1951,"/players/s/sailoke01.html"
"6","John Salley",1987,2000,"/players/s/sallejo01.html"
"7","John Salmons",2003,2015,"/players/s/salmojo01.html"
"8","Al Salvadori",1968,1968,"/players/s/salvaal01.html"
"9","Kevin Salvadori",1997,1998,"/players/s/salvake01.html"
"10","Soumaila Samake",2001,2003,"/players/s/samakso01.html"
"11","Luka Šamanic",2020,2020,"/players/s/samanlu01.html"
"12","Cheikh Samb",2008,2009,"/players/s/sambch01.html"
"13","Brandon Sampson",2019,2019,"/players/s/sampsbr01.html"
"14","JaKarr Sampson",2015,2020,"/players/s/sampsja02.html"
"15","Jamal Sampson",2003,2007,"/players/s/sampsja01.html"
"16","Ralph Sampson*",1984,1992,"/players/s/sampsra01.html"
"17","Samardo Samuels",2011,2013,"/players/s/samuesa01.html"
"18","Pepe Sánchez",2001,2003,"/players/s/sanchpe01.html"
"19","Al Sanders",1973,1973,"/players/s/sandeal01.html"
"20","Frankie Sanders",1979,1981,"/players/s/sandefr01.html"
"21","Jeff Sanders",1990,1993,"/players/s/sandeje01.html"
"22","Larry Sanders",2011,2017,"/players/s/sandela01.html"
"23","Melvin Sanders",2006,2006,"/players/s/sandeme01.html"
"24","Mike Sanders",1983,1993,"/players/s/sandemi01.html"
"25","Tom Sanders*",1961,1973,"/players/s/sandeto01.html"
"26","Ron Sanford",1972,1972,"/players/s/sanforo01.html"
"27","Daniel Santiago",2001,2005,"/players/s/santida01.html"
"28","Bob Santini",1956,1956,"/players/s/santibo01.html"
"29","Wayne Sappleton",1985,1985,"/players/s/sapplwa01.html"
"30","Dario Šaric",2017,2020,"/players/s/saricda01.html"
"31","Jason Sasser",1997,1999,"/players/s/sasseja01.html"
"32","Jeryl Sasser",2002,2003,"/players/s/sasseje01.html"
"33","Tomáš Satoranský",2017,2020,"/players/s/satorto01.html"
"34","Kenny Satterfield",2002,2003,"/players/s/satteke01.html"
"35","Pep Saul",1950,1955,"/players/s/saulpe01.html"
"36","Woody Sauldsberry",1958,1966,"/players/s/sauldwo01.html"
"37","Glynn Saulters",1969,1969,"/players/s/saultgl01.html"
"38","Fred Saunders",1975,1978,"/players/s/saundfr01.html"
"39","Don Savage",1952,1957,"/players/s/savagdo01.html"
"40","Predrag Savovic",2003,2003,"/players/s/savovpr01.html"
"41","Alan Sawyer",1951,1951,"/players/s/sawyeal01.html"
"42","Brian Scalabrine",2002,2012,"/players/s/scalabr01.html"
"43","Alex Scales",2006,2006,"/players/s/scaleal01.html"
"44","DeWayne Scales",1981,1984,"/players/s/scalede01.html"
"45","Frank Schade",1973,1973,"/players/s/schadfr01.html"
"46","Ben Schadler",1948,1948,"/players/s/schadbe01.html"
"47","Herm Schaefer",1949,1950,"/players/s/schaehe01.html"
"48","Billy Schaeffer",1974,1976,"/players/s/schaebi01.html"
"49","Bob Schafer",1956,1957,"/players/s/schafbo01.html"
"50","Ben Scharnus",1947,1949,"/players/s/scharbe01.html"
"51","Marv Schatzman",1950,1950,"/players/s/schatma01.html"
"52","Fred Schaus",1950,1954,"/players/s/schaufr01.html"
"53","Danny Schayes",1982,1999,"/players/s/schayda01.html"
"54","Dolph Schayes*",1950,1964,"/players/s/schaydo01.html"
"55","Ossie Schectman",1947,1947,"/players/s/schecos01.html"
"56","Steve Scheffler",1991,1997,"/players/s/schefst01.html"
"57","Tom Scheffler",1985,1985,"/players/s/schefto01.html"
"58","Dave Schellhase",1967,1968,"/players/s/schelda01.html"
"59","Luke Schenscher",2006,2007,"/players/s/schenlu01.html"
"60","Herb Scherer",1951,1952,"/players/s/scherhe01.html"
"61","Dwayne Schintzius",1991,1999,"/players/s/schindw01.html"
"62","Dale Schlueter",1969,1978,"/players/s/schluda01.html"
"63","Otto Schnellbacher",1949,1949,"/players/s/schneot01.html"
"64","Dick Schnittker",1951,1958,"/players/s/schnidi01.html"
"65","Russ Schoene",1983,1989,"/players/s/schoeru01.html"
"66","Admiral Schofield",2020,2020,"/players/s/schofad01.html"
"67","Dave Scholz",1970,1970,"/players/s/scholda01.html"
"68","Milt Schoon",1947,1950,"/players/s/schoomi01.html"
"69","Detlef Schrempf",1986,2001,"/players/s/schrede01.html"
"70","Dennis Schröder",2014,2020,"/players/s/schrode01.html"
"71","Howie Schultz",1950,1953,"/players/s/schulho01.html"
"72","Dick Schulz",1947,1950,"/players/s/schuldi01.html"
"73","Roger Schurig",1968,1968,"/players/s/schurro01.html"
"74","John Schweitz",1985,1987,"/players/s/schwejo01.html"
"75","Luis Scola",2008,2017,"/players/s/scolalu01.html"
"76","Fred Scolari",1947,1955,"/players/s/scolafr01.html"
"77","Alvin Scott",1978,1985,"/players/s/scottal01.html"
"78","Brent Scott",1997,1997,"/players/s/scottbr01.html"
"79","Byron Scott",1984,1997,"/players/s/scottby01.html"
"80","Charlie Scott*",1971,1980,"/players/s/scottch01.html"
"81","Dennis Scott",1991,2000,"/players/s/scottde01.html"
"82","James Scott",1997,1997,"/players/s/scottja01.html"
"83","Mike Scott",2013,2020,"/players/s/scottmi01.html"
"84","Ray Scott",1962,1972,"/players/s/scottra01.html"
"85","Shawnelle Scott",1997,2002,"/players/s/scottsh01.html"
"86","Willie Scott",1970,1970,"/players/s/scottwi01.html"
"87","Paul Scranton",1968,1968,"/players/s/scranpa01.html"
"88","Carey Scurry",1986,1988,"/players/s/scurrca01.html"
"89","Bruce Seals",1974,1978,"/players/s/sealsbr01.html"
"90","Shea Seals",1998,1998,"/players/s/sealssh01.html"
"91","Malik Sealy",1993,2000,"/players/s/sealyma01.html"
"92","Ed Searcy",1976,1976,"/players/s/searced01.html"
"93","Kenny Sears",1956,1964,"/players/s/searske01.html"
"94","Wayne See",1950,1950,"/players/s/seewa01.html"
"95","Thabo Sefolosha",2007,2020,"/players/s/sefolth01.html"
"96","Rony Seikaly",1989,1999,"/players/s/seikaro01.html"
"97","Glen Selbo",1950,1950,"/players/s/selbogl01.html"
"98","Josh Selby",2012,2013,"/players/s/selbyjo01.html"
"99","Wayne Selden",2017,2019,"/players/s/seldewa01.html"
"100","Brad Sellers",1987,1993,"/players/s/sellebr01.html"
"101","Phil Sellers",1977,1977,"/players/s/selleph01.html"
"102","Rollie Seltz",1950,1950,"/players/s/seltzro01.html"
"103","Lester Selvage",1968,1970,"/players/s/selvale01.html"
"104","Frank Selvy",1955,1964,"/players/s/selvyfr01.html"
"105","Jim Seminoff",1947,1950,"/players/s/seminji01.html"
"106","Mouhamed Sene",2007,2009,"/players/s/senesa01.html"
"107","George Senesky",1947,1954,"/players/s/senesge01.html"
"108","Kevin Séraphin",2011,2017,"/players/s/serapke01.html"
"109","Ansu Sesay",2002,2005,"/players/s/sesayan01.html"
"110","Ramon Sessions",2008,2018,"/players/s/sessira01.html"
"111","Ha Seung-Jin",2005,2006,"/players/s/seungha01.html"
"112","Tom Sewell",1985,1985,"/players/s/sewelto01.html"
"113","Collin Sexton",2019,2020,"/players/s/sextoco01.html"
"114","Paul Seymour",1948,1960,"/players/s/seymopa01.html"
"115","Nick Shaback",1947,1947,"/players/s/shabani01.html"
"116","Lynn Shackelford",1970,1970,"/players/s/shackly01.html"
"117","Charles Shackleford",1989,1999,"/players/s/shackch01.html"
"118","Carl Shaeffer",1950,1951,"/players/s/shaefca01.html"
"119","Lee Shaffer",1962,1964,"/players/s/shaffle01.html"
"120","Mustafa Shakur",2011,2014,"/players/s/shakumu01.html"
"121","Landry Shamet",2019,2020,"/players/s/shamela01.html"
"122","God Shammgod",1998,1998,"/players/s/shammgo01.html"
"123","Earl Shannon",1947,1949,"/players/s/shannea01.html"
"124","Howie Shannon",1949,1950,"/players/s/shannho01.html"
"125","Chuck Share",1952,1960,"/players/s/sharech01.html"
"126","Bill Sharman*",1951,1961,"/players/s/sharmbi01.html"
"127","Walter Sharpe",2009,2009,"/players/s/sharpwa01.html"
"128","John Shasky",1989,1991,"/players/s/shaskjo01.html"
"129","Ron Shavlik",1957,1958,"/players/s/shavlro01.html"
"130","Brian Shaw",1989,2003,"/players/s/shawbr01.html"
"131","Casey Shaw",1999,1999,"/players/s/shawca01.html"
"132","Marial Shayok",2020,2020,"/players/s/shayoma01.html"
"133","Bob Shea",1947,1947,"/players/s/sheabo01.html"
"134","Fred Sheffield",1947,1947,"/players/s/shefffr01.html"
"135","Craig Shelton",1981,1982,"/players/s/sheltcr01.html"
"136","Lonnie Shelton",1977,1986,"/players/s/sheltlo01.html"
"137","Tornike Shengelia",2013,2014,"/players/s/shengto01.html"
"138","Billy Shepherd",1973,1975,"/players/s/shephbi01.html"
"139","Jeff Sheppard",1999,1999,"/players/s/sheppje01.html"
"140","Steve Sheppard",1978,1979,"/players/s/sheppst01.html"
"141","Ed Sherod",1983,1983,"/players/s/sheroed01.html"
"142","Charley Shipp",1950,1950,"/players/s/shippch01.html"
"143","Paul Shirley",2003,2005,"/players/s/shirlpa01.html"
"144","Gene Short",1976,1976,"/players/s/shortge01.html"
"145","Purvis Short",1979,1990,"/players/s/shortpu01.html"
"146","Dexter Shouse",1990,1990,"/players/s/shousde01.html"
"147","Dick Shrider",1949,1949,"/players/s/shriddi01.html"
"148","Gene Shue",1955,1964,"/players/s/shuege01.html"
"149","John Shumate",1976,1981,"/players/s/shumajo01.html"
"150","Iman Shumpert",2012,2020,"/players/s/shumpim01.html"
"151","Alexey Shved",2013,2015,"/players/s/shvedal01.html"
"152","Pascal Siakam",2017,2020,"/players/s/siakapa01.html"
"153","Jordan Sibert",2019,2019,"/players/s/siberjo01.html"
"154","Sam Sibert",1973,1973,"/players/s/sibersa01.html"
"155","Mark Sibley",1974,1974,"/players/s/siblema01.html"
"156","Jerry Sichting",1981,1990,"/players/s/sichtje01.html"
"157","Donald Sidle",1969,1972,"/players/s/sidledo01.html"
"158","Larry Siegfried",1964,1972,"/players/s/siegfla01.html"
"159","Ralph Siewert",1947,1947,"/players/s/siewera01.html"
"160","Jack Sikma*",1978,1991,"/players/s/sikmaja01.html"
"161","James Silas",1973,1982,"/players/s/silasja01.html"
"162","Paul Silas",1965,1980,"/players/s/silaspa01.html"
"163","Xavier Silas",2012,2018,"/players/s/silasxa01.html"
"164","Garret Siler",2011,2011,"/players/s/silerga01.html"
"165","Mike Silliman",1971,1971,"/players/s/sillimi01.html"
"166","Chris Silva",2020,2020,"/players/s/silvach01.html"
"167","Wayne Simien",2006,2007,"/players/s/simiewa01.html"
"168","Ben Simmons",2018,2020,"/players/s/simmobe01.html"
"169","Bobby Simmons",2002,2012,"/players/s/simmobo01.html"
"170","Cedric Simmons",2007,2009,"/players/s/simmoce01.html"
"171","Connie Simmons",1947,1956,"/players/s/simmoco01.html"
"172","Grant Simmons",1968,1969,"/players/s/simmogr01.html"
"173","Johnny Simmons",1947,1947,"/players/s/simmojo01.html"
"174","Jonathon Simmons",2016,2019,"/players/s/simmojo02.html"
"175","Kobi Simmons",2018,2019,"/players/s/simmoko01.html"
"176","Lionel Simmons",1991,1997,"/players/s/simmoli01.html"
"177","Miles Simon",1999,1999,"/players/s/simonmi01.html"
"178","Walter Simon",1968,1974,"/players/s/simonwa01.html"
"179","Anfernee Simons",2019,2020,"/players/s/simonan01.html"
"180","Dickey Simpkins",1995,2002,"/players/s/simpkdi01.html"
"181","Ralph Simpson",1971,1980,"/players/s/simpsra01.html"
"182","Alvin Sims",1999,1999,"/players/s/simsal01.html"
"183","Bob Sims",1962,1968,"/players/s/simsbo01.html"
"184","Courtney Sims",2008,2009,"/players/s/simsco01.html"
"185","Doug Sims",1969,1969,"/players/s/simsdo01.html"
"186","Henry Sims",2013,2016,"/players/s/simshe01.html"
"187","Scott Sims",1978,1978,"/players/s/simssc01.html"
"188","Kyle Singler",2013,2018,"/players/s/singlky01.html"
"189","Sean Singletary",2009,2009,"/players/s/singlse01.html"
"190","Chris Singleton",2012,2014,"/players/s/singlch01.html"
"191","James Singleton",2006,2012,"/players/s/singlja01.html"
"192","McKinley Singleton",1987,1987,"/players/s/singlmc01.html"
"193","Zeke Sinicola",1952,1954,"/players/s/sinicze01.html"
"194","Charlie Sitton",1985,1985,"/players/s/sittoch01.html"
"195","Peyton Siva",2014,2014,"/players/s/sivape01.html"
"196","Scott Skiles",1987,1996,"/players/s/skilesc01.html"
"197","Al Skinner",1975,1980,"/players/s/skinnal01.html"
"198","Brian Skinner",1999,2012,"/players/s/skinnbr01.html"
"199","Tal Skinner",1975,1976,"/players/s/skinnta01.html"
"200","Whitey Skoog",1952,1957,"/players/s/skoogwh01.html"
"201","Jeff Slade",1963,1963,"/players/s/sladeje01.html"
"202","Reggie Slater",1995,2003,"/players/s/slatere01.html"
"203","Jim Slaughter",1952,1952,"/players/s/slaugji01.html"
"204","Jose Slaughter",1983,1983,"/players/s/slaugjo01.html"
"205","Tamar Slay",2003,2005,"/players/s/slayta01.html"
"206","Donald Sloan",2012,2016,"/players/s/sloando01.html"
"207","Jerry Sloan*",1966,1976,"/players/s/sloanje01.html"
"208","Uroš Slokar",2007,2007,"/players/s/slokaur01.html"
"209","Tom Sluby",1985,1985,"/players/s/slubyto01.html"
"210","Alen Smailagic",2020,2020,"/players/s/smailal01.html"
"211","Keith Smart",1989,1989,"/players/s/smartke01.html"
"212","Marcus Smart",2015,2020,"/players/s/smartma01.html"
"213","Belus Smawley",1947,1952,"/players/s/smawlbe01.html"
"214","Jack Smiley",1949,1950,"/players/s/smileja01.html"
"215","Adrian Smith",1962,1972,"/players/s/smithad01.html"
"216","Al Smith",1972,1976,"/players/s/smithal01.html"
"217","Bill Smith",1962,1962,"/players/s/smithbi01.html"
"218","Bingo Smith",1970,1980,"/players/s/smithbi02.html"
"219","Bobby Smith",1960,1962,"/players/s/smithbo01.html"
"220","Charles Smith",1989,1997,"/players/s/smithch01.html"
"221","Charles Smith",1990,1996,"/players/s/smithch02.html"
"222","Charles Smith",1998,2006,"/players/s/smithch04.html"
"223","Chris Smith",1993,1995,"/players/s/smithch03.html"
"224","Chris Smith",2014,2014,"/players/s/smithch05.html"
"225","Clinton Smith",1987,1991,"/players/s/smithcl01.html"
"226","Craig Smith",2007,2012,"/players/s/smithcr01.html"
"227","Deb Smith",1947,1947,"/players/s/smithde01.html"
"228","Dennis Smith",2018,2020,"/players/s/smithde03.html"
"229","Derek Smith",1983,1991,"/players/s/smithde02.html"
"230","Don Smith",1949,1949,"/players/s/smithdo01.html"
"231","Don Smith",1975,1975,"/players/s/smithdo02.html"
"232","Donta Smith",2005,2006,"/players/s/smithdo04.html"
"233","Doug Smith",1992,1996,"/players/s/smithdo03.html"
"234","Ed Smith",1954,1954,"/players/s/smithed01.html"
"235","Elmore Smith",1972,1979,"/players/s/smithel01.html"
"236","Garfield Smith",1971,1973,"/players/s/smithga01.html"
"237","Greg Smith",1969,1976,"/players/s/smithgr01.html"
"238","Greg Smith",2012,2016,"/players/s/smithgr02.html"
"239","Ish Smith",2011,2020,"/players/s/smithis01.html"
"240","J.R. Smith",2005,2019,"/players/s/smithjr01.html"
"241","Jabari Smith",2001,2005,"/players/s/smithja01.html"
"242","Jason Smith",2008,2019,"/players/s/smithja02.html"
"243","Jerry Smith",2012,2012,"/players/s/smithje01.html"
"244","Jim Smith",1982,1983,"/players/s/smithji01.html"
"245","Joe Smith",1996,2011,"/players/s/smithjo02.html"
"246","John Smith",1969,1970,"/players/s/smithjo01.html"
"247","Josh Smith",2005,2018,"/players/s/smithjo03.html"
"248","Keith Smith",1987,1987,"/players/s/smithke03.html"
"249","Ken Smith",1976,1976,"/players/s/smithke02.html"
"250","Kenny Smith",1988,1997,"/players/s/smithke01.html"
"251","LaBradford Smith",1992,1994,"/players/s/smithla02.html"
"252","Larry Smith",1981,1993,"/players/s/smithla01.html"
"253","Leon Smith",2002,2004,"/players/s/smithle01.html"
"254","Michael Smith",1990,1995,"/players/s/smithmi01.html"
"255","Michael Smith",1995,2001,"/players/s/smithmi02.html"
"256","Mike Smith",2001,2001,"/players/s/smithmi03.html"
"257","Nolan Smith",2012,2013,"/players/s/smithno01.html"
"258","Otis Smith",1987,1992,"/players/s/smithot01.html"
"259","Pete Smith",1973,1973,"/players/s/smithpe01.html"
"260","Phil Smith",1975,1983,"/players/s/smithph01.html"
"261","Randy Smith",1972,1983,"/players/s/smithra01.html"
"262","Reggie Smith",1993,1994,"/players/s/smithre01.html"
"263","Robert Smith",1978,1985,"/players/s/smithro01.html"
"264","Russ Smith",2015,2016,"/players/s/smithru01.html"
"265","Sam Smith",1968,1971,"/players/s/smithsa01.html"
"266","Sam Smith",1979,1980,"/players/s/smithsa02.html"
"267","Steve Smith",1992,2005,"/players/s/smithst01.html"
"268","Steven Smith",2007,2007,"/players/s/smithst03.html"
"269","Stevin Smith",1997,1997,"/players/s/smithst02.html"
"270","Theron Smith",2004,2005,"/players/s/smithth01.html"
"271","Tony Smith",1991,2001,"/players/s/smithto02.html"
"272","William Smith",1972,1973,"/players/s/smithwi01.html"
"273","Willie Smith",1977,1980,"/players/s/smithwi02.html"
"274","Zhaire Smith",2019,2020,"/players/s/smithzh01.html"
"275","Rik Smits",1989,2000,"/players/s/smitsri01.html"
"276","Mike Smrek",1986,1992,"/players/s/smrekmi01.html"
"277","Joe Smyth",1954,1954,"/players/s/smythjo01.html"
"278","Tony Snell",2014,2020,"/players/s/snellto01.html"
"279","Eric Snow",1996,2008,"/players/s/snower01.html"
"280","Dick Snyder",1967,1979,"/players/s/snydedi01.html"
"281","Kirk Snyder",2005,2008,"/players/s/snydeki01.html"
"282","Chips Sobek",1950,1950,"/players/s/sobekch01.html"
"283","Ricky Sobers",1976,1986,"/players/s/soberri01.html"
"284","Ron Sobie",1957,1960,"/players/s/sobiero01.html"
"285","Mike Sojourner",1975,1977,"/players/s/sojoumi01.html"
"286","Willie Sojourner",1972,1975,"/players/s/sojouwi01.html"
"287","Will Solomon",2002,2009,"/players/s/solomwi01.html"
"288","Willie Somerset",1966,1969,"/players/s/somerwi01.html"
"289","Darius Songaila",2004,2011,"/players/s/songada01.html"
"290","Dave Sorenson",1971,1973,"/players/s/sorenda01.html"
"291","James Southerland",2014,2014,"/players/s/southja01.html"
"292","Gino Sovran",1947,1947,"/players/s/sovragi01.html"
"293","Pape Sow",2005,2007,"/players/s/sowpa01.html"
"294","Ken Spain",1971,1971,"/players/s/spainke01.html"
"295","Ray Spalding",2019,2019,"/players/s/spaldra01.html"
"296","Jim Spanarkel",1980,1984,"/players/s/spanaji01.html"
"297","Vassilis Spanoulis",2007,2007,"/players/s/spanova01.html"
"298","Daniel Sparks",1969,1970,"/players/s/sparkda01.html"
"299","Guy Sparrow",1958,1960,"/players/s/sparrgu01.html"
"300","Rory Sparrow",1981,1992,"/players/s/sparrro01.html"
"301","Odie Spears",1949,1957,"/players/s/spearod01.html"
"302","Art Spector",1947,1950,"/players/s/spectar01.html"
"303","Marreese Speights",2009,2018,"/players/s/speigma01.html"
"304","Omari Spellman",2019,2020,"/players/s/spellom01.html"
"305","Andre Spencer",1993,1994,"/players/s/spencan01.html"
"306","Elmore Spencer",1993,1997,"/players/s/spencel01.html"
"307","Felton Spencer",1991,2002,"/players/s/spencfe01.html"
"308","Lou Spicer",1947,1947,"/players/s/spicelo01.html"
"309","Craig Spitzer",1968,1968,"/players/s/spitzcr01.html"
"310","Tiago Splitter",2011,2017,"/players/s/splitti01.html"
"311","Art Spoelstra",1955,1958,"/players/s/spoelar01.html"
"312","Bruce Spraggins",1968,1968,"/players/s/spragbr01.html"
"313","Latrell Sprewell",1993,2005,"/players/s/sprewla01.html"
"314","Larry Spriggs",1982,1986,"/players/s/sprigla01.html"
"315","Jim Springer",1949,1949,"/players/s/sprinji01.html"
"316","Jim Spruill",1949,1949,"/players/s/spruiji01.html"
"317","Ryan Stack",1999,2000,"/players/s/stackry01.html"
"318","Jerry Stackhouse",1996,2013,"/players/s/stackje01.html"
"319","Kevin Stacom",1975,1982,"/players/s/stacoke01.html"
"320","Erv Staggs",1970,1970,"/players/s/stagger01.html"
"321","Bud Stallworth",1973,1977,"/players/s/stallbu01.html"
"322","Dave Stallworth",1966,1975,"/players/s/stallda01.html"
"323","Ed Stanczak",1950,1951,"/players/s/stanced01.html"
"324","Terence Stansbury",1985,1987,"/players/s/stanste01.html"
"325","John Starks",1989,2002,"/players/s/starkjo01.html"
"326","Keith Starr",1977,1977,"/players/s/starrke01.html"
"327","Nik Stauskas",2015,2019,"/players/s/stausni01.html"
"328","Larry Staverman",1959,1964,"/players/s/stavela01.html"
"329","Larry Steele",1972,1980,"/players/s/steella01.html"
"330","Matt Steigenga",1997,1997,"/players/s/steigma01.html"
"331","Vladimir Stepania",1999,2004,"/players/s/stepavl01.html"
"332","D.J. Stephens",2014,2019,"/players/s/stephdj01.html"
"333","Everette Stephens",1989,1991,"/players/s/stephev01.html"
"334","Jack Stephens",1956,1956,"/players/s/stephja01.html"
"335","Joe Stephens",1997,2000,"/players/s/stephjo01.html"
"336","Lance Stephenson",2011,2019,"/players/s/stephla01.html"
"337","Alex Stepheson",2016,2016,"/players/s/stephal01.html"
"338","Brook Steppe",1983,1989,"/players/s/steppbr01.html"
"339","Barry Stevens",1993,1993,"/players/s/steveba01.html"
"340","Wayne Stevens",1960,1960,"/players/s/stevewa01.html"
"341","DeShawn Stevenson",2001,2013,"/players/s/stevede01.html"
"342","Dennis Stewart",1971,1971,"/players/s/stewade01.html"
"343","Kebu Stewart",1998,1998,"/players/s/stewake01.html"
"344","Larry Stewart",1992,1997,"/players/s/stewala01.html"
"345","Michael Stewart",1998,2005,"/players/s/stewami01.html"
"346","Norm Stewart",1957,1957,"/players/s/stewano01.html"
"347","Greg Stiemsma",2012,2015,"/players/s/stiemgr01.html"
"348","Steve Stipanovich",1984,1988,"/players/s/stipast01.html"
"349","Bryant Stith",1993,2002,"/players/s/stithbr01.html"
"350","Sam Stith",1962,1962,"/players/s/stithsa01.html"
"351","Tom Stith",1963,1963,"/players/s/stithto01.html"
"352","Alex Stivrins",1986,1993,"/players/s/stivral01.html"
"353","David Stockton",2015,2018,"/players/s/stockda01.html"
"354","John Stockton*",1985,2003,"/players/s/stockjo01.html"
"355","Peja Stojakovic",1999,2011,"/players/s/stojape01.html"
"356","Ed Stokes",1998,1998,"/players/s/stokeed01.html"
"357","Greg Stokes",1986,1990,"/players/s/stokegr01.html"
"358","Jarnell Stokes",2015,2017,"/players/s/stokeja01.html"
"359","Maurice Stokes*",1956,1958,"/players/s/stokema01.html"
"360","Art Stolkey",1947,1947,"/players/s/stolkar01.html"
"361","Randy Stoll",1968,1968,"/players/s/stollra01.html"
"362","Diamond Stone",2017,2017,"/players/s/stonedi01.html"
"363","George Stone",1969,1972,"/players/s/stonege01.html"
"364","Julyan Stone",2012,2018,"/players/s/stoneju01.html"
"365","Awvee Storey",2005,2008,"/players/s/storeaw01.html"
"366","Damon Stoudamire",1996,2008,"/players/s/stoudda01.html"
"367","Salim Stoudamire",2006,2008,"/players/s/stoudsa01.html"
"368","Amar'e Stoudemire",2003,2016,"/players/s/stoudam01.html"
"369","Paul Stovall",1973,1974,"/players/s/stovapa01.html"
"370","D.J. Strawberry",2008,2008,"/players/s/strawdj01.html"
"371","Joe Strawder",1966,1968,"/players/s/strawjo01.html"
"372","Bill Stricker",1971,1971,"/players/s/stricbi01.html"
"373","Erick Strickland",1997,2005,"/players/s/stricer01.html"
"374","Mark Strickland",1995,2003,"/players/s/stricma01.html"
"375","Rod Strickland",1989,2005,"/players/s/stricro02.html"
"376","Roger Strickland",1964,1964,"/players/s/stricro01.html"
"377","John Stroeder",1988,1989,"/players/s/stroejo01.html"
"378","Derek Strong",1992,2001,"/players/s/stronde01.html"
"379","Lamont Strothers",1992,1993,"/players/s/strotla01.html"
"380","John Stroud",1981,1981,"/players/s/stroujo01.html"
"381","Red Stroud",1968,1968,"/players/s/stroure01.html"
"382","Max Strus",2020,2020,"/players/s/strusma01.html"
"383","Rodney Stuckey",2008,2017,"/players/s/stuckro01.html"
"384","Gene Stump",1948,1950,"/players/s/stumpge01.html"
"385","Stan Stutz",1947,1949,"/players/s/stutzst01.html"
"386","Gary Suiter",1971,1971,"/players/s/suitega01.html"
"387","Jared Sullinger",2013,2017,"/players/s/sullija01.html"
"388","DaJuan Summers",2010,2013,"/players/s/summeda01.html"
"389","Edmond Sumner",2018,2020,"/players/s/sumneed01.html"
"390","Barry Sumpter",1989,1989,"/players/s/sumptba01.html"
"391","Don Sunderlage",1954,1955,"/players/s/sundedo01.html"
"392","Bruno Šundov",1999,2005,"/players/s/sundobr01.html"
"393","Jon Sundvold",1984,1992,"/players/s/sundvjo01.html"
"394","Bob Sura",1996,2005,"/players/s/surabo01.html"
"395","Dick Surhoff",1953,1954,"/players/s/surhodi01.html"
"396","George Sutor",1968,1970,"/players/s/sutorge01.html"
"397","Dane Suttle",1984,1985,"/players/s/suttlda01.html"
"398","Greg Sutton",1992,1996,"/players/s/suttogr01.html"
"399","Keith Swagerty",1969,1970,"/players/s/swageke01.html"
"400","Bennie Swain",1959,1959,"/players/s/swainbe01.html"
"401","Caleb Swanigan",2018,2020,"/players/s/swanica01.html"
"402","Norm Swanson",1954,1954,"/players/s/swansno01.html"
"403","Dan Swartz",1963,1963,"/players/s/swartda01.html"
"404","Mike Sweetney",2004,2007,"/players/s/sweetmi01.html"
"405","Robert Swift",2005,2009,"/players/s/swiftro01.html"
"406","Skeeter Swift",1970,1974,"/players/s/swiftsk01.html"
"407","Stromile Swift",2001,2009,"/players/s/swiftst01.html"
"408","Aaron Swinson",1995,1995,"/players/s/swinsaa01.html"
"409","Pape Sy",2011,2011,"/players/s/sypa01.html"
"410","Buck Sydnor",1947,1947,"/players/s/sydnobu01.html"
"411","Larry Sykes",1996,1996,"/players/s/sykesla01.html"
"412","Brett Szabo",1997,1997,"/players/s/szabobr01.html"
"413","Wally Szczerbiak",2000,2009,"/players/s/szczewa02.html"
"414","Walt Szczerbiak",1972,1972,"/players/s/szczewa01.html"
