"","Player","From","To","plyrprofs"
"1","Dean Wade",2020,2020,"/players/w/wadede01.html"
"2","Dwyane Wade",2004,2019,"/players/w/wadedw01.html"
"3","Mark Wade",1988,1990,"/players/w/wadema01.html"
"4","Von Wafer",2006,2012,"/players/w/wafervo01.html"
"5","Clint Wager",1950,1950,"/players/w/wagercl01.html"
"6","Dajuan Wagner",2003,2007,"/players/w/wagneda02.html"
"7","Danny Wagner",1950,1950,"/players/w/wagneda01.html"
"8","Milt Wagner",1988,1991,"/players/w/wagnemi01.html"
"9","Moritz Wagner",2019,2020,"/players/w/wagnemo01.html"
"10","Phillip Wagner",1969,1969,"/players/w/wagneph01.html"
"11","Dion Waiters",2013,2020,"/players/w/waitedi01.html"
"12","Granville Waiters",1984,1988,"/players/w/waitegr01.html"
"13","Andre Wakefield",1979,1980,"/players/w/wakefan01.html"
"14","Neal Walk",1970,1977,"/players/w/walkne01.html"
"15","Andy Walker",1977,1977,"/players/w/walkean01.html"
"16","Antoine Walker",1997,2008,"/players/w/walkean02.html"
"17","Brady Walker",1949,1952,"/players/w/walkebr01.html"
"18","Chet Walker*",1963,1975,"/players/w/walkech01.html"
"19","Darrell Walker",1984,1993,"/players/w/walkeda01.html"
"20","Foots Walker",1975,1984,"/players/w/walkefo01.html"
"21","Henry Walker",2009,2015,"/players/w/walkebi01.html"
"22","Horace Walker",1962,1962,"/players/w/walkeho01.html"
"23","Jimmy Walker",1968,1976,"/players/w/walkeji01.html"
"24","Kemba Walker",2012,2020,"/players/w/walkeke02.html"
"25","Kenny Walker",1987,1995,"/players/w/walkeke01.html"
"26","Lonnie Walker",2019,2020,"/players/w/walkelo01.html"
"27","Phil Walker",1978,1978,"/players/w/walkeph01.html"
"28","Samaki Walker",1997,2006,"/players/w/walkesa01.html"
"29","Wally Walker",1977,1984,"/players/w/walkewa01.html"
"30","John Wall",2011,2019,"/players/w/walljo01.html"
"31","Ben Wallace",1997,2012,"/players/w/wallabe01.html"
"32","Gerald Wallace",2002,2015,"/players/w/wallage01.html"
"33","John Wallace",1997,2004,"/players/w/wallajo01.html"
"34","Rasheed Wallace",1996,2013,"/players/w/wallara01.html"
"35","Red Wallace",1947,1947,"/players/w/wallare01.html"
"36","Tyrone Wallace",2018,2020,"/players/w/wallaty01.html"
"37","Dwight Waller",1969,1972,"/players/w/walledw01.html"
"38","Jamie Waller",1988,1988,"/players/w/walleja01.html"
"39","Taurean Waller-Prince",2017,2020,"/players/p/princta02.html"
"40","Jim Walsh",1958,1958,"/players/w/walshji01.html"
"41","Matt Walsh",2006,2006,"/players/w/walshma01.html"
"42","Rex Walters",1994,2000,"/players/w/waltere01.html"
"43","Paul Walther",1950,1955,"/players/w/walthpa01.html"
"44","Isaac Walthour",1954,1954,"/players/w/walthis01.html"
"45","Bill Walton*",1975,1987,"/players/w/waltobi01.html"
"46","Derrick Walton",2018,2020,"/players/w/waltode01.html"
"47","Lloyd Walton",1977,1981,"/players/w/waltoll01.html"
"48","Luke Walton",2004,2013,"/players/w/waltolu01.html"
"49","Brad Wanamaker",2019,2020,"/players/w/wanambr01.html"
"50","Bobby Wanzer*",1949,1957,"/players/w/wanzebo01.html"
"51","Perry Warbington",1975,1975,"/players/w/warbipe01.html"
"52","Charlie Ward",1995,2005,"/players/w/wardch01.html"
"53","Gerry Ward",1964,1967,"/players/w/wardge01.html"
"54","Henry Ward",1976,1977,"/players/w/wardhe01.html"
"55","Casper Ware",2014,2014,"/players/w/wareca01.html"
"56","Jim Ware",1967,1969,"/players/w/wareji01.html"
"57","Ben Warley",1963,1970,"/players/w/warlebe01.html"
"58","Bob Warlick",1966,1970,"/players/w/warlibo01.html"
"59","Cornell Warner",1971,1977,"/players/w/warneco01.html"
"60","Jameel Warney",2018,2018,"/players/w/warneja01.html"
"61","Bob Warren",1969,1976,"/players/w/warrebo01.html"
"62","John Warren",1970,1974,"/players/w/warrejo01.html"
"63","T.J. Warren",2015,2020,"/players/w/warretj01.html"
"64","Willie Warren",2011,2011,"/players/w/warrewi01.html"
"65","Bryan Warrick",1983,1986,"/players/w/warribr01.html"
"66","Hakim Warrick",2006,2013,"/players/w/warriha01.html"
"67","Chris Washburn",1987,1988,"/players/w/washbch01.html"
"68","Julian Washburn",2019,2019,"/players/w/washbju01.html"
"69","Bobby Washington",1970,1972,"/players/w/washibo01.html"
"70","Darius Washington",2008,2008,"/players/w/washida01.html"
"71","Donald Washington",1975,1976,"/players/w/washido01.html"
"72","Duane Washington",1988,1993,"/players/w/washidu01.html"
"73","Eric Washington",1998,1999,"/players/w/washier01.html"
"74","Jim Washington",1966,1976,"/players/w/washiji01.html"
"75","Kermit Washington",1974,1988,"/players/w/washike01.html"
"76","P.J. Washington",2020,2020,"/players/w/washipj01.html"
"77","Pearl Washington",1987,1989,"/players/w/washipe01.html"
"78","Richard Washington",1977,1982,"/players/w/washiri01.html"
"79","Stan Washington",1975,1975,"/players/w/washist01.html"
"80","Trooper Washington",1968,1973,"/players/w/washitr01.html"
"81","Wilson Washington",1978,1979,"/players/w/washiwi01.html"
"82","Yuta Watanabe",2019,2020,"/players/w/watanyu01.html"
"83","Tremont Waters",2020,2020,"/players/w/watertr01.html"
"84","Darryl Watkins",2008,2012,"/players/w/watkida01.html"
"85","Bobby Watson",1955,1955,"/players/w/watsobo01.html"
"86","C.J. Watson",2008,2017,"/players/w/watsocj01.html"
"87","Earl Watson",2002,2014,"/players/w/watsoea01.html"
"88","Jamie Watson",1995,1999,"/players/w/watsoja01.html"
"89","Paul Watson",2020,2020,"/players/w/watsopa01.html"
"90","Ron Watts",1966,1967,"/players/w/wattsro01.html"
"91","Samuel Watts",1971,1971,"/players/w/wattssa01.html"
"92","Slick Watts",1974,1979,"/players/w/wattssl01.html"
"93","Maalik Wayns",2013,2014,"/players/w/waynsma01.html"
"94","David Wear",2015,2015,"/players/w/wearda01.html"
"95","Travis Wear",2015,2018,"/players/w/weartr01.html"
"96","Clarence Weatherspoon",1993,2005,"/players/w/weathcl01.html"
"97","Nick Weatherspoon",1974,1980,"/players/w/weathni01.html"
"98","Quinndary Weatherspoon",2020,2020,"/players/w/weathqu01.html"
"99","Kyle Weaver",2009,2011,"/players/w/weaveky01.html"
"100","James Webb",2018,2018,"/players/w/webbja01.html"
"101","Jeff Webb",1971,1972,"/players/w/webbje01.html"
"102","Marcus Webb",1993,1993,"/players/w/webbma01.html"
"103","Spud Webb",1986,1998,"/players/w/webbsp01.html"
"104","Chris Webber",1994,2008,"/players/w/webbech01.html"
"105","Briante Weber",2016,2018,"/players/w/weberbr01.html"
"106","Jake Weber",1947,1947,"/players/w/weberja01.html"
"107","Elnardo Webster",1972,1972,"/players/w/webstel01.html"
"108","Jeff Webster",1996,1996,"/players/w/webstje01.html"
"109","Martell Webster",2006,2015,"/players/w/webstma02.html"
"110","Marvin Webster",1976,1987,"/players/w/webstma01.html"
"111","Scott Wedman",1975,1987,"/players/w/wedmasc01.html"
"112","Sonny Weems",2009,2016,"/players/w/weemsso01.html"
"113","Dick Wehr",1949,1949,"/players/w/wehrdi01.html"
"114","Brant Weidner",1984,1984,"/players/w/weidnbr01.html"
"115","Bob Weiss",1966,1977,"/players/w/weissbo01.html"
"116","Rick Weitzman",1968,1968,"/players/w/weitzri01.html"
"117","Bonzi Wells",1999,2008,"/players/w/wellsbo01.html"
"118","Bubba Wells",1998,1998,"/players/w/wellsbu01.html"
"119","Owen Wells",1975,1975,"/players/w/wellsow01.html"
"120","Ralph Wells",1963,1963,"/players/w/wellsra01.html"
"121","Chris Welp",1988,1990,"/players/w/welpch01.html"
"122","Jirí Welsch",2003,2006,"/players/w/welscji01.html"
"123","Thomas Welsh",2019,2019,"/players/w/welshth01.html"
"124","Bill Wennington",1986,2000,"/players/w/wennibi01.html"
"125","Matt Wenstrom",1994,1994,"/players/w/wenstma01.html"
"126","Robert Werdann",1993,1997,"/players/w/werdaro01.html"
"127","Ray Wertis",1947,1948,"/players/w/wertira01.html"
"128","David Wesley",1994,2007,"/players/w/wesleda01.html"
"129","Walt Wesley",1967,1976,"/players/w/weslewa01.html"
"130","David West",2004,2018,"/players/w/westda01.html"
"131","Delonte West",2005,2012,"/players/w/westde01.html"
"132","Doug West",1990,2001,"/players/w/westdo01.html"
"133","Jerry West*",1961,1974,"/players/w/westje01.html"
"134","Mario West",2008,2011,"/players/w/westma02.html"
"135","Mark West",1984,2000,"/players/w/westma01.html"
"136","Roland West",1968,1968,"/players/w/westro01.html"
"137","Dexter Westbrook",1968,1968,"/players/w/westbde01.html"
"138","Russell Westbrook",2009,2020,"/players/w/westbru01.html"
"139","Paul Westphal*",1973,1984,"/players/w/westppa01.html"
"140","John Wetzel",1968,1976,"/players/w/wetzejo01.html"
"141","Robert Whaley",2006,2006,"/players/w/whalero01.html"
"142","Ennis Whatley",1984,1997,"/players/w/whatlen01.html"
"143","DeJuan Wheat",1998,1999,"/players/w/wheatde01.html"
"144","Clinton Wheeler",1988,1989,"/players/w/wheelcl01.html"
"145","Tyson Wheeler",1999,1999,"/players/w/wheelty01.html"
"146","Skippy Whitaker",1955,1955,"/players/w/whitask01.html"
"147","Andrew White",2018,2018,"/players/w/whitean01.html"
"148","Coby White",2020,2020,"/players/w/whiteco01.html"
"149","D.J. White",2009,2014,"/players/w/whitedj01.html"
"150","Derrick White",2018,2020,"/players/w/whitede01.html"
"151","Eric White",1988,1989,"/players/w/whiteer01.html"
"152","Herb White",1971,1971,"/players/w/whitehe01.html"
"153","Hubie White",1963,1971,"/players/w/whitehu01.html"
"154","Jahidi White",1999,2005,"/players/w/whiteja01.html"
"155","James White",2007,2013,"/players/w/whiteja02.html"
"156","Jo Jo White*",1970,1981,"/players/w/whitejo01.html"
"157","Okaro White",2017,2019,"/players/w/whiteok01.html"
"158","Randy White",1990,1994,"/players/w/whitera01.html"
"159","Rodney White",2002,2005,"/players/w/whitero02.html"
"160","Rory White",1983,1987,"/players/w/whitero01.html"
"161","Royce White",2014,2014,"/players/w/whitero03.html"
"162","Rudy White",1976,1981,"/players/w/whiteru01.html"
"163","Tony White",1988,1988,"/players/w/whiteto01.html"
"164","Willie White",1985,1986,"/players/w/whitewi01.html"
"165","Isaiah Whitehead",2017,2018,"/players/w/whiteis01.html"
"166","Jerome Whitehead",1979,1989,"/players/w/whiteje01.html"
"167","Donald Whiteside",1997,1998,"/players/w/whitedo01.html"
"168","Hassan Whiteside",2011,2020,"/players/w/whiteha01.html"
"169","Dwayne Whitfield",1996,1996,"/players/w/whitfdw01.html"
"170","Chris Whitney",1994,2004,"/players/w/whitnch01.html"
"171","Hank Whitney",1968,1970,"/players/w/whitnha01.html"
"172","Hawkeye Whitney",1981,1982,"/players/w/whitnha02.html"
"173","Shayne Whittington",2015,2016,"/players/w/whittsh01.html"
"174","Sidney Wicks",1972,1981,"/players/w/wickssi01.html"
"175","Ron Widby",1968,1968,"/players/w/widbyro01.html"
"176","Murray Wier",1950,1950,"/players/w/wiermu01.html"
"177","Bob Wiesenhahn",1962,1962,"/players/w/wiesebo01.html"
"178","Andrew Wiggins",2015,2020,"/players/w/wiggian01.html"
"179","Mitchell Wiggins",1984,1992,"/players/w/wiggimi01.html"
"180","Ken Wilburn",1968,1969,"/players/w/wilbuke01.html"
"181","C.J. Wilcox",2015,2017,"/players/w/wilcocj01.html"
"182","Chris Wilcox",2003,2013,"/players/w/wilcoch01.html"
"183","D.C. Wilcutt",1949,1950,"/players/w/wilcudc01.html"
"184","Gene Wiley",1963,1968,"/players/w/wileyge01.html"
"185","Jacob Wiley",2018,2018,"/players/w/wileyja01.html"
"186","Michael Wiley",1981,1982,"/players/w/wileymi01.html"
"187","Morlon Wiley",1989,1995,"/players/w/wileymo01.html"
"188","Win Wilfong",1958,1961,"/players/w/wilfowi01.html"
"189","Lenny Wilkens*",1961,1975,"/players/w/wilkele01.html"
"190","Bob Wilkerson",1977,1983,"/players/w/wilkebo01.html"
"191","Jamaal Wilkes*",1975,1986,"/players/w/wilkeja01.html"
"192","James Wilkes",1981,1983,"/players/w/wilkeja02.html"
"193","Damien Wilkins",2005,2018,"/players/w/wilkida02.html"
"194","Dominique Wilkins*",1983,1999,"/players/w/wilkido01.html"
"195","Eddie Lee Wilkins",1985,1993,"/players/w/wilkied01.html"
"196","Gerald Wilkins",1986,1999,"/players/w/wilkige01.html"
"197","Jeff Wilkins",1981,1986,"/players/w/wilkije01.html"
"198","Dale Wilkinson",1985,1985,"/players/w/wilkida01.html"
"199","Mike Wilks",2003,2010,"/players/w/wilksmi01.html"
"200","Aaron Williams",1994,2008,"/players/w/williaa01.html"
"201","Al Williams",1971,1971,"/players/w/willial01.html"
"202","Alan Williams",2016,2019,"/players/w/willial03.html"
"203","Alvin Williams",1998,2007,"/players/w/willial02.html"
"204","Art Williams",1968,1975,"/players/w/williar01.html"
"205","Bernie Williams",1970,1974,"/players/w/willibe01.html"
"206","Bob Williams",1956,1957,"/players/w/willibo01.html"
"207","Brandon Williams",1998,2003,"/players/w/willibr01.html"
"208","Buck Williams",1982,1998,"/players/w/willibu01.html"
"209","C.J. Williams",2018,2019,"/players/w/willicj01.html"
"210","Charles Williams",1968,1973,"/players/w/willich01.html"
"211","Chuck Williams",1971,1978,"/players/w/willich02.html"
"212","Chuckie Williams",1977,1977,"/players/w/willich03.html"
"213","Cliff Williams",1969,1969,"/players/w/willicl01.html"
"214","Corey Williams",1993,1994,"/players/w/willico01.html"
"215","Deron Williams",2006,2017,"/players/w/willide01.html"
"216","Derrick Williams",2012,2018,"/players/w/willide02.html"
"217","Duck Williams",1980,1980,"/players/w/willidu01.html"
"218","Earl Williams",1975,1979,"/players/w/williea01.html"
"219","Elliot Williams",2012,2016,"/players/w/williel01.html"
"220","Eric Williams",1996,2007,"/players/w/willier01.html"
"221","Fly Williams",1975,1975,"/players/w/willifl01.html"
"222","Frank Williams",2003,2005,"/players/w/willifr02.html"
"223","Freeman Williams",1979,1986,"/players/w/willifr01.html"
"224","Gene Williams",1970,1970,"/players/w/willige01.html"
"225","Grant Williams",2020,2020,"/players/w/willigr01.html"
"226","Gus Williams",1976,1987,"/players/w/willigu01.html"
"227","Guy Williams",1985,1986,"/players/w/willigu02.html"
"228","Hank Williams",1975,1975,"/players/w/williha01.html"
"229","Herb Williams",1982,1999,"/players/w/willihe01.html"
"230","Hot Rod Williams",1987,1999,"/players/w/williho01.html"
"231","Jason Williams",1999,2011,"/players/w/willija02.html"
"232","Jawad Williams",2009,2011,"/players/w/willija04.html"
"233","Jay Williams",2003,2003,"/players/w/willija03.html"
"234","Jayson Williams",1991,1999,"/players/w/willija01.html"
"235","Jerome Williams",1997,2005,"/players/w/willije01.html"
"236","John Williams",1987,1995,"/players/w/willijo02.html"
"237","Johnathan Williams",2019,2020,"/players/w/willijo04.html"
"238","Jordan Williams",2012,2012,"/players/w/willijo03.html"
"239","Justin Williams",2007,2008,"/players/w/williju01.html"
"240","Kenny Williams",1991,1994,"/players/w/willike03.html"
"241","Kenrich Williams",2019,2020,"/players/w/willike04.html"
"242","Kevin Williams",1984,1989,"/players/w/willike01.html"
"243","Lorenzo Williams",1993,2000,"/players/w/willilo01.html"
"244","Lou Williams",2006,2020,"/players/w/willilo02.html"
"245","Marcus Williams",2007,2010,"/players/w/willima03.html"
"246","Marcus Williams",2008,2009,"/players/w/willima04.html"
"247","Marvin Williams",2006,2020,"/players/w/willima02.html"
"248","Matt Williams",2018,2018,"/players/w/willima05.html"
"249","Micheal Williams",1989,1999,"/players/w/willimi02.html"
"250","Mike Williams",1990,1990,"/players/w/willimi03.html"
"251","Milt Williams",1971,1975,"/players/w/willimi01.html"
"252","Mo Williams",2004,2016,"/players/w/willima01.html"
"253","Monty Williams",1995,2003,"/players/w/willimo01.html"
"254","Nate Williams",1972,1979,"/players/w/willina01.html"
"255","Pete Williams",1986,1987,"/players/w/willipe01.html"
"256","Ray Williams",1978,1987,"/players/w/willira01.html"
"257","Reggie Williams",1988,1997,"/players/w/willire01.html"
"258","Reggie Williams",2010,2017,"/players/w/willire02.html"
"259","Rickey Williams",1983,1983,"/players/w/williri01.html"
"260","Rob Williams",1983,1984,"/players/w/williro02.html"
"261","Robert Williams",2019,2020,"/players/w/williro04.html"
"262","Ron Williams",1969,1976,"/players/w/williro01.html"
"263","Sam Williams",1969,1970,"/players/w/willisa01.html"
"264","Sam Williams",1982,1985,"/players/w/willisa02.html"
"265","Scott Williams",1991,2005,"/players/w/willisc01.html"
"266","Sean Williams",2008,2012,"/players/w/willise01.html"
"267","Shammond Williams",1999,2007,"/players/w/willish01.html"
"268","Shawne Williams",2007,2015,"/players/w/willish03.html"
"269","Shelden Williams",2007,2012,"/players/w/willish02.html"
"270","Sly Williams",1980,1986,"/players/w/willisl01.html"
"271","Terrence Williams",2010,2013,"/players/w/willite01.html"
"272","Travis Williams",1998,1999,"/players/w/willitr01.html"
"273","Troy Williams",2017,2019,"/players/w/willitr02.html"
"274","Walt Williams",1993,2003,"/players/w/williwa02.html"
"275","Ward Williams",1949,1949,"/players/w/williwa01.html"
"276","Willie Williams",1971,1971,"/players/w/williwi01.html"
"277","Nigel Williams-Goss",2020,2020,"/players/w/willini01.html"
"278","Corliss Williamson",1996,2007,"/players/w/willico02.html"
"279","John Williamson",1974,1981,"/players/w/willijo01.html"
"280","Zion Williamson",2020,2020,"/players/w/willizi01.html"
"281","Vann Williford",1971,1971,"/players/w/williva01.html"
"282","Kevin Willis",1985,2007,"/players/w/willike02.html"
"283","Bill Willoughby",1976,1984,"/players/w/willobi01.html"
"284","Dedric Willoughby",2000,2000,"/players/w/willode01.html"
"285","Bob Wilson",1952,1952,"/players/w/wilsobo01.html"
"286","Bobby Wilson",1968,1968,"/players/w/wilsobo02.html"
"287","Bobby Wilson",1975,1978,"/players/w/wilsobo03.html"
"288","Bubba Wilson",1980,1980,"/players/w/wilsobu01.html"
"289","D.J. Wilson",2018,2020,"/players/w/wilsodj01.html"
"290","George Wilson",1965,1971,"/players/w/wilsoge01.html"
"291","Isaiah Wilson",1972,1973,"/players/w/wilsois01.html"
"292","Jamil Wilson",2018,2018,"/players/w/wilsoja02.html"
"293","Jasper Wilson",1969,1970,"/players/w/wilsoja01.html"
"294","Jim Wilson",1971,1971,"/players/w/wilsoji01.html"
"295","Michael Wilson",1984,1987,"/players/w/wilsomi01.html"
"296","Nikita Wilson",1988,1988,"/players/w/wilsoni01.html"
"297","Othell Wilson",1985,1987,"/players/w/wilsoot01.html"
"298","Rick Wilson",1979,1980,"/players/w/wilsori01.html"
"299","Ricky Wilson",1988,1988,"/players/w/wilsori02.html"
"300","Stephen Wilson",1971,1972,"/players/w/wilsost01.html"
"301","Trevor Wilson",1991,1996,"/players/w/wilsotr01.html"
"302","Kyle Wiltjer",2017,2017,"/players/w/wiltjky01.html"
"303","Kennard Winchester",1991,1993,"/players/w/winchke01.html"
"304","Tony Windis",1960,1960,"/players/w/windito01.html"
"305","John Windsor",1964,1964,"/players/w/windsjo01.html"
"306","Lee Winfield",1970,1976,"/players/w/winfile01.html"
"307","David Wingate",1987,2001,"/players/w/wingada01.html"
"308","Dontonio Wingfield",1995,1998,"/players/w/wingfdo01.html"
"309","Harthorne Wingo",1973,1976,"/players/w/wingoha01.html"
"310","Marv Winkler",1971,1972,"/players/w/winklma01.html"
"311","Justise Winslow",2016,2020,"/players/w/winslju01.html"
"312","Rickie Winslow",1988,1988,"/players/w/winslri01.html"
"313","Trevor Winter",1999,1999,"/players/w/wintetr01.html"
"314","Brian Winters",1975,1983,"/players/w/wintebr01.html"
"315","Voise Winters",1986,1986,"/players/w/wintevo01.html"
"316","Skip Wise",1976,1976,"/players/w/wisesk01.html"
"317","Willie Wise",1970,1978,"/players/w/wisewi01.html"
"318","Jeff Withey",2014,2018,"/players/w/witheje01.html"
"319","Luke Witte",1974,1976,"/players/w/wittelu01.html"
"320","Greg Wittman",1970,1971,"/players/w/wittmgr01.html"
"321","Randy Wittman",1984,1992,"/players/w/wittmra01.html"
"322","Garry Witts",1982,1982,"/players/w/wittsga01.html"
"323","Dave Wohl",1972,1978,"/players/w/wohlda01.html"
"324","Joe Wolf",1988,1999,"/players/w/wolfjo01.html"
"325","Rubén Wolkowyski",2001,2003,"/players/w/wolkoru01.html"
"326","Nate Wolters",2014,2018,"/players/w/woltena01.html"
"327","Al Wood",1982,1987,"/players/w/woodal01.html"
"328","Bob Wood",1950,1950,"/players/w/woodbo01.html"
"329","Christian Wood",2016,2020,"/players/w/woodch01.html"
"330","David Wood",1989,1997,"/players/w/woodda01.html"
"331","Howard Wood",1982,1982,"/players/w/woodho01.html"
"332","Leon Wood",1985,1991,"/players/w/woodle01.html"
"333","Loren Woods",2002,2008,"/players/w/woodslo01.html"
"334","Qyntel Woods",2003,2006,"/players/w/woodsqy01.html"
"335","Randy Woods",1993,1996,"/players/w/woodsra01.html"
"336","Tommy Woods",1968,1968,"/players/w/woodsto01.html"
"337","Mike Woodson",1981,1991,"/players/w/woodsmi01.html"
"338","Bob Woollard",1970,1970,"/players/w/woollbo01.html"
"339","Orlando Woolridge",1982,1994,"/players/w/woolror01.html"
"340","Haywoode Workman",1990,2000,"/players/w/workmha01.html"
"341","Mark Workman",1953,1954,"/players/w/workmma01.html"
"342","Tom Workman",1968,1971,"/players/w/workmto01.html"
"343","Metta World Peace",2000,2017,"/players/a/artesro01.html"
"344","Willie Worsley",1969,1969,"/players/w/worslwi01.html"
"345","Sam Worthen",1981,1982,"/players/w/worthsa01.html"
"346","James Worthy*",1983,1994,"/players/w/worthja01.html"
"347","Antoine Wright",2006,2011,"/players/w/wrighan01.html"
"348","Bracey Wright",2006,2007,"/players/w/wrighbr02.html"
"349","Brad Wright",1987,1988,"/players/w/wrighbr01.html"
"350","Brandan Wright",2008,2018,"/players/w/wrighbr03.html"
"351","Chris Wright",2012,2014,"/players/w/wrighch01.html"
"352","Chris Wright",2013,2013,"/players/w/wrighch02.html"
"353","Delon Wright",2016,2020,"/players/w/wrighde01.html"
"354","Dorell Wright",2005,2015,"/players/w/wrighdo01.html"
"355","Howard Wright",1991,1993,"/players/w/wrighho02.html"
"356","Howie Wright",1971,1972,"/players/w/wrighho01.html"
"357","Joby Wright",1973,1976,"/players/w/wrighjo01.html"
"358","Julian Wright",2008,2011,"/players/w/wrighju01.html"
"359","Larry Wright",1977,1982,"/players/w/wrighla01.html"
"360","Leroy Wright",1968,1969,"/players/w/wrighle01.html"
"361","Lonnie Wright",1968,1972,"/players/w/wrighlo01.html"
"362","Lorenzen Wright",1997,2009,"/players/w/wrighlo02.html"
"363","Luther Wright",1994,1994,"/players/w/wrighlu01.html"
"364","Sharone Wright",1995,1998,"/players/w/wrighsh01.html"
"365","Justin Wright-Foreman",2020,2020,"/players/w/wrighju02.html"
"366","Tony Wroten",2013,2016,"/players/w/wroteto01.html"
"367","Dennis Wuycik",1973,1975,"/players/w/wuycide01.html"
"368","A.J. Wynder",1991,1991,"/players/w/wyndeaj01.html"
